start	end	generalCategory	comment
0021	0023	Po	[3] EXCLAMATION MARK..NUMBER SIGN
0025	0027	Po	[3] PERCENT SIGN..APOSTROPHE
0028	0028	Ps	LEFT PARENTHESIS
0029	0029	Pe	RIGHT PARENTHESIS
002A	002A	Po	ASTERISK
002C	002C	Po	COMMA
002D	002D	Pd	HYPHEN-MINUS
002E	002F	Po	[2] FULL STOP..SOLIDUS
003A	003B	Po	[2] COLON..SEMICOLON
003F	0040	Po	[2] QUESTION MARK..COMMERCIAL AT
005B	005B	Ps	LEFT SQUARE BRACKET
005C	005C	Po	REVERSE SOLIDUS
005D	005D	Pe	RIGHT SQUARE BRACKET
005F	005F	Pc	LOW LINE
007B	007B	Ps	LEFT CURLY BRACKET
007D	007D	Pe	RIGHT CURLY BRACKET
00A1	00A1	Po	INVERTED EXCLAMATION MARK
00A7	00A7	Po	SECTION SIGN
00AB	00AB	Pi	LEFT-POINTING DOUBLE ANGLE QUOTATION MARK
00B6	00B7	Po	[2] PILCROW SIGN..MIDDLE DOT
00BB	00BB	Pf	RIGHT-POINTING DOUBLE ANGLE QUOTATION MARK
00BF	00BF	Po	INVERTED QUESTION MARK
037E	037E	Po	GREEK QUESTION MARK
0387	0387	Po	GREEK ANO TELEIA
055A	055F	Po	[6] ARMENIAN APOSTROPHE..ARMENIAN ABBREVIATION MARK
0589	0589	Po	ARMENIAN FULL STOP
058A	058A	Pd	ARMENIAN HYPHEN
05BE	05BE	Pd	HEBREW PUNCTUATION MAQAF
05C0	05C0	Po	HEBREW PUNCTUATION PASEQ
05C3	05C3	Po	HEBREW PUNCTUATION SOF PASUQ
05C6	05C6	Po	HEBREW PUNCTUATION NUN HAFUKHA
05F3	05F4	Po	[2] HEBREW PUNCTUATION GERESH..HEBREW PUNCTUATION GERSHAYIM
0609	060A	Po	[2] ARABIC-INDIC PER MILLE SIGN..ARABIC-INDIC PER TEN THOUSAND SIGN
060C	060D	Po	[2] ARABIC COMMA..ARABIC DATE SEPARATOR
061B	061B	Po	ARABIC SEMICOLON
061D	061F	Po	[3] ARABIC END OF TEXT MARK..ARABIC QUESTION MARK
066A	066D	Po	[4] ARABIC PERCENT SIGN..ARABIC FIVE POINTED STAR
06D4	06D4	Po	ARABIC FULL STOP
0700	070D	Po	[14] SYRIAC END OF PARAGRAPH..SYRIAC HARKLEAN ASTERISCUS
07F7	07F9	Po	[3] NKO SYMBOL GBAKURUNEN..NKO EXCLAMATION MARK
0830	083E	Po	[15] SAMARITAN PUNCTUATION NEQUDAA..SAMARITAN PUNCTUATION ANNAAU
085E	085E	Po	MANDAIC PUNCTUATION
0964	0965	Po	[2] DEVANAGARI DANDA..DEVANAGARI DOUBLE DANDA
0970	0970	Po	DEVANAGARI ABBREVIATION SIGN
09FD	09FD	Po	BENGALI ABBREVIATION SIGN
0A76	0A76	Po	GURMUKHI ABBREVIATION SIGN
0AF0	0AF0	Po	GUJARATI ABBREVIATION SIGN
0C77	0C77	Po	TELUGU SIGN SIDDHAM
0C84	0C84	Po	KANNADA SIGN SIDDHAM
0DF4	0DF4	Po	SINHALA PUNCTUATION KUNDDALIYA
0E4F	0E4F	Po	THAI CHARACTER FONGMAN
0E5A	0E5B	Po	[2] THAI CHARACTER ANGKHANKHU..THAI CHARACTER KHOMUT
0F04	0F12	Po	[15] TIBETAN MARK INITIAL YIG MGO MDUN MA..TIBETAN MARK RGYA GRAM SHAD
0F14	0F14	Po	TIBETAN MARK GTER TSHEG
0F3A	0F3A	Ps	TIBETAN MARK GUG RTAGS GYON
0F3B	0F3B	Pe	TIBETAN MARK GUG RTAGS GYAS
0F3C	0F3C	Ps	TIBETAN MARK ANG KHANG GYON
0F3D	0F3D	Pe	TIBETAN MARK ANG KHANG GYAS
0F85	0F85	Po	TIBETAN MARK PALUTA
0FD0	0FD4	Po	[5] TIBETAN MARK BSKA- SHOG GI MGO RGYAN..TIBETAN MARK CLOSING BRDA RNYING YIG MGO SGAB MA
0FD9	0FDA	Po	[2] TIBETAN MARK LEADING MCHAN RTAGS..TIBETAN MARK TRAILING MCHAN RTAGS
104A	104F	Po	[6] MYANMAR SIGN LITTLE SECTION..MYANMAR SYMBOL GENITIVE
10FB	10FB	Po	GEORGIAN PARAGRAPH SEPARATOR
1360	1368	Po	[9] ETHIOPIC SECTION MARK..ETHIOPIC PARAGRAPH SEPARATOR
1400	1400	Pd	CANADIAN SYLLABICS HYPHEN
166E	166E	Po	CANADIAN SYLLABICS FULL STOP
169B	169B	Ps	OGHAM FEATHER MARK
169C	169C	Pe	OGHAM REVERSED FEATHER MARK
16EB	16ED	Po	[3] RUNIC SINGLE PUNCTUATION..RUNIC CROSS PUNCTUATION
1735	1736	Po	[2] PHILIPPINE SINGLE PUNCTUATION..PHILIPPINE DOUBLE PUNCTUATION
17D4	17D6	Po	[3] KHMER SIGN KHAN..KHMER SIGN CAMNUC PII KUUH
17D8	17DA	Po	[3] KHMER SIGN BEYYAL..KHMER SIGN KOOMUUT
1800	1805	Po	[6] MONGOLIAN BIRGA..MONGOLIAN FOUR DOTS
1806	1806	Pd	MONGOLIAN TODO SOFT HYPHEN
1807	180A	Po	[4] MONGOLIAN SIBE SYLLABLE BOUNDARY MARKER..MONGOLIAN NIRUGU
1944	1945	Po	[2] LIMBU EXCLAMATION MARK..LIMBU QUESTION MARK
1A1E	1A1F	Po	[2] BUGINESE PALLAWA..BUGINESE END OF SECTION
1AA0	1AA6	Po	[7] TAI THAM SIGN WIANG..TAI THAM SIGN REVERSED ROTATED RANA
1AA8	1AAD	Po	[6] TAI THAM SIGN KAAN..TAI THAM SIGN CAANG
1B4E	1B4F	Po	[2] BALINESE INVERTED CARIK SIKI..BALINESE INVERTED CARIK PAREREN
1B5A	1B60	Po	[7] BALINESE PANTI..BALINESE PAMENENG
1B7D	1B7F	Po	[3] BALINESE PANTI LANTANG..BALINESE PANTI BAWAK
1BFC	1BFF	Po	[4] BATAK SYMBOL BINDU NA METEK..BATAK SYMBOL BINDU PANGOLAT
1C3B	1C3F	Po	[5] LEPCHA PUNCTUATION TA-ROL..LEPCHA PUNCTUATION TSHOOK
1C7E	1C7F	Po	[2] OL CHIKI PUNCTUATION MUCAAD..OL CHIKI PUNCTUATION DOUBLE MUCAAD
1CC0	1CC7	Po	[8] SUNDANESE PUNCTUATION BINDU SURYA..SUNDANESE PUNCTUATION BINDU BA SATANGA
1CD3	1CD3	Po	VEDIC SIGN NIHSHVASA
2010	2015	Pd	[6] HYPHEN..HORIZONTAL BAR
2016	2017	Po	[2] DOUBLE VERTICAL LINE..DOUBLE LOW LINE
2018	2018	Pi	LEFT SINGLE QUOTATION MARK
2019	2019	Pf	RIGHT SINGLE QUOTATION MARK
201A	201A	Ps	SINGLE LOW-9 QUOTATION MARK
201B	201C	Pi	[2] SINGLE HIGH-REVERSED-9 QUOTATION MARK..LEFT DOUBLE QUOTATION MARK
201D	201D	Pf	RIGHT DOUBLE QUOTATION MARK
201E	201E	Ps	DOUBLE LOW-9 QUOTATION MARK
201F	201F	Pi	DOUBLE HIGH-REVERSED-9 QUOTATION MARK
2020	2027	Po	[8] DAGGER..HYPHENATION POINT
2030	2038	Po	[9] PER MILLE SIGN..CARET
2039	2039	Pi	SINGLE LEFT-POINTING ANGLE QUOTATION MARK
203A	203A	Pf	SINGLE RIGHT-POINTING ANGLE QUOTATION MARK
203B	203E	Po	[4] REFERENCE MARK..OVERLINE
203F	2040	Pc	[2] UNDERTIE..CHARACTER TIE
2041	2043	Po	[3] CARET INSERTION POINT..HYPHEN BULLET
2045	2045	Ps	LEFT SQUARE BRACKET WITH QUILL
2046	2046	Pe	RIGHT SQUARE BRACKET WITH QUILL
2047	2051	Po	[11] DOUBLE QUESTION MARK..TWO ASTERISKS ALIGNED VERTICALLY
2053	2053	Po	SWUNG DASH
2054	2054	Pc	INVERTED UNDERTIE
2055	205E	Po	[10] FLOWER PUNCTUATION MARK..VERTICAL FOUR DOTS
207D	207D	Ps	SUPERSCRIPT LEFT PARENTHESIS
207E	207E	Pe	SUPERSCRIPT RIGHT PARENTHESIS
208D	208D	Ps	SUBSCRIPT LEFT PARENTHESIS
208E	208E	Pe	SUBSCRIPT RIGHT PARENTHESIS
2308	2308	Ps	LEFT CEILING
2309	2309	Pe	RIGHT CEILING
230A	230A	Ps	LEFT FLOOR
230B	230B	Pe	RIGHT FLOOR
2329	2329	Ps	LEFT-POINTING ANGLE BRACKET
232A	232A	Pe	RIGHT-POINTING ANGLE BRACKET
2768	2768	Ps	MEDIUM LEFT PARENTHESIS ORNAMENT
2769	2769	Pe	MEDIUM RIGHT PARENTHESIS ORNAMENT
276A	276A	Ps	MEDIUM FLATTENED LEFT PARENTHESIS ORNAMENT
276B	276B	Pe	MEDIUM FLATTENED RIGHT PARENTHESIS ORNAMENT
276C	276C	Ps	MEDIUM LEFT-POINTING ANGLE BRACKET ORNAMENT
276D	276D	Pe	MEDIUM RIGHT-POINTING ANGLE BRACKET ORNAMENT
276E	276E	Ps	HEAVY LEFT-POINTING ANGLE QUOTATION MARK ORNAMENT
276F	276F	Pe	HEAVY RIGHT-POINTING ANGLE QUOTATION MARK ORNAMENT
2770	2770	Ps	HEAVY LEFT-POINTING ANGLE BRACKET ORNAMENT
2771	2771	Pe	HEAVY RIGHT-POINTING ANGLE BRACKET ORNAMENT
2772	2772	Ps	LIGHT LEFT TORTOISE SHELL BRACKET ORNAMENT
2773	2773	Pe	LIGHT RIGHT TORTOISE SHELL BRACKET ORNAMENT
2774	2774	Ps	MEDIUM LEFT CURLY BRACKET ORNAMENT
2775	2775	Pe	MEDIUM RIGHT CURLY BRACKET ORNAMENT
27C5	27C5	Ps	LEFT S-SHAPED BAG DELIMITER
27C6	27C6	Pe	RIGHT S-SHAPED BAG DELIMITER
27E6	27E6	Ps	MATHEMATICAL LEFT WHITE SQUARE BRACKET
27E7	27E7	Pe	MATHEMATICAL RIGHT WHITE SQUARE BRACKET
27E8	27E8	Ps	MATHEMATICAL LEFT ANGLE BRACKET
27E9	27E9	Pe	MATHEMATICAL RIGHT ANGLE BRACKET
27EA	27EA	Ps	MATHEMATICAL LEFT DOUBLE ANGLE BRACKET
27EB	27EB	Pe	MATHEMATICAL RIGHT DOUBLE ANGLE BRACKET
27EC	27EC	Ps	MATHEMATICAL LEFT WHITE TORTOISE SHELL BRACKET
27ED	27ED	Pe	MATHEMATICAL RIGHT WHITE TORTOISE SHELL BRACKET
27EE	27EE	Ps	MATHEMATICAL LEFT FLATTENED PARENTHESIS
27EF	27EF	Pe	MATHEMATICAL RIGHT FLATTENED PARENTHESIS
2983	2983	Ps	LEFT WHITE CURLY BRACKET
2984	2984	Pe	RIGHT WHITE CURLY BRACKET
2985	2985	Ps	LEFT WHITE PARENTHESIS
2986	2986	Pe	RIGHT WHITE PARENTHESIS
2987	2987	Ps	Z NOTATION LEFT IMAGE BRACKET
2988	2988	Pe	Z NOTATION RIGHT IMAGE BRACKET
2989	2989	Ps	Z NOTATION LEFT BINDING BRACKET
298A	298A	Pe	Z NOTATION RIGHT BINDING BRACKET
298B	298B	Ps	LEFT SQUARE BRACKET WITH UNDERBAR
298C	298C	Pe	RIGHT SQUARE BRACKET WITH UNDERBAR
298D	298D	Ps	LEFT SQUARE BRACKET WITH TICK IN TOP CORNER
298E	298E	Pe	RIGHT SQUARE BRACKET WITH TICK IN BOTTOM CORNER
298F	298F	Ps	LEFT SQUARE BRACKET WITH TICK IN BOTTOM CORNER
2990	2990	Pe	RIGHT SQUARE BRACKET WITH TICK IN TOP CORNER
2991	2991	Ps	LEFT ANGLE BRACKET WITH DOT
2992	2992	Pe	RIGHT ANGLE BRACKET WITH DOT
2993	2993	Ps	LEFT ARC LESS-THAN BRACKET
2994	2994	Pe	RIGHT ARC GREATER-THAN BRACKET
2995	2995	Ps	DOUBLE LEFT ARC GREATER-THAN BRACKET
2996	2996	Pe	DOUBLE RIGHT ARC LESS-THAN BRACKET
2997	2997	Ps	LEFT BLACK TORTOISE SHELL BRACKET
2998	2998	Pe	RIGHT BLACK TORTOISE SHELL BRACKET
29D8	29D8	Ps	LEFT WIGGLY FENCE
29D9	29D9	Pe	RIGHT WIGGLY FENCE
29DA	29DA	Ps	LEFT DOUBLE WIGGLY FENCE
29DB	29DB	Pe	RIGHT DOUBLE WIGGLY FENCE
29FC	29FC	Ps	LEFT-POINTING CURVED ANGLE BRACKET
29FD	29FD	Pe	RIGHT-POINTING CURVED ANGLE BRACKET
2CF9	2CFC	Po	[4] COPTIC OLD NUBIAN FULL STOP..COPTIC OLD NUBIAN VERSE DIVIDER
2CFE	2CFF	Po	[2] COPTIC FULL STOP..COPTIC MORPHOLOGICAL DIVIDER
2D70	2D70	Po	TIFINAGH SEPARATOR MARK
2E00	2E01	Po	[2] RIGHT ANGLE SUBSTITUTION MARKER..RIGHT ANGLE DOTTED SUBSTITUTION MARKER
2E02	2E02	Pi	LEFT SUBSTITUTION BRACKET
2E03	2E03	Pf	RIGHT SUBSTITUTION BRACKET
2E04	2E04	Pi	LEFT DOTTED SUBSTITUTION BRACKET
2E05	2E05	Pf	RIGHT DOTTED SUBSTITUTION BRACKET
2E06	2E08	Po	[3] RAISED INTERPOLATION MARKER..DOTTED TRANSPOSITION MARKER
2E09	2E09	Pi	LEFT TRANSPOSITION BRACKET
2E0A	2E0A	Pf	RIGHT TRANSPOSITION BRACKET
2E0B	2E0B	Po	RAISED SQUARE
2E0C	2E0C	Pi	LEFT RAISED OMISSION BRACKET
2E0D	2E0D	Pf	RIGHT RAISED OMISSION BRACKET
2E0E	2E16	Po	[9] EDITORIAL CORONIS..DOTTED RIGHT-POINTING ANGLE
2E17	2E17	Pd	DOUBLE OBLIQUE HYPHEN
2E18	2E19	Po	[2] INVERTED INTERROBANG..PALM BRANCH
2E1A	2E1A	Pd	HYPHEN WITH DIAERESIS
2E1B	2E1B	Po	TILDE WITH RING ABOVE
2E1C	2E1C	Pi	LEFT LOW PARAPHRASE BRACKET
2E1D	2E1D	Pf	RIGHT LOW PARAPHRASE BRACKET
2E1E	2E1F	Po	[2] TILDE WITH DOT ABOVE..TILDE WITH DOT BELOW
2E20	2E20	Pi	LEFT VERTICAL BAR WITH QUILL
2E21	2E21	Pf	RIGHT VERTICAL BAR WITH QUILL
2E22	2E22	Ps	TOP LEFT HALF BRACKET
2E23	2E23	Pe	TOP RIGHT HALF BRACKET
2E24	2E24	Ps	BOTTOM LEFT HALF BRACKET
2E25	2E25	Pe	BOTTOM RIGHT HALF BRACKET
2E26	2E26	Ps	LEFT SIDEWAYS U BRACKET
2E27	2E27	Pe	RIGHT SIDEWAYS U BRACKET
2E28	2E28	Ps	LEFT DOUBLE PARENTHESIS
2E29	2E29	Pe	RIGHT DOUBLE PARENTHESIS
2E2A	2E2E	Po	[5] TWO DOTS OVER ONE DOT PUNCTUATION..REVERSED QUESTION MARK
2E30	2E39	Po	[10] RING POINT..TOP HALF SECTION SIGN
2E3A	2E3B	Pd	[2] TWO-EM DASH..THREE-EM DASH
2E3C	2E3F	Po	[4] STENOGRAPHIC FULL STOP..CAPITULUM
2E40	2E40	Pd	DOUBLE HYPHEN
2E41	2E41	Po	REVERSED COMMA
2E42	2E42	Ps	DOUBLE LOW-REVERSED-9 QUOTATION MARK
2E43	2E4F	Po	[13] DASH WITH LEFT UPTURN..CORNISH VERSE DIVIDER
2E52	2E54	Po	[3] TIRONIAN SIGN CAPITAL ET..MEDIEVAL QUESTION MARK
2E55	2E55	Ps	LEFT SQUARE BRACKET WITH STROKE
2E56	2E56	Pe	RIGHT SQUARE BRACKET WITH STROKE
2E57	2E57	Ps	LEFT SQUARE BRACKET WITH DOUBLE STROKE
2E58	2E58	Pe	RIGHT SQUARE BRACKET WITH DOUBLE STROKE
2E59	2E59	Ps	TOP HALF LEFT PARENTHESIS
2E5A	2E5A	Pe	TOP HALF RIGHT PARENTHESIS
2E5B	2E5B	Ps	BOTTOM HALF LEFT PARENTHESIS
2E5C	2E5C	Pe	BOTTOM HALF RIGHT PARENTHESIS
2E5D	2E5D	Pd	OBLIQUE HYPHEN
3001	3003	Po	[3] IDEOGRAPHIC COMMA..DITTO MARK
3008	3008	Ps	LEFT ANGLE BRACKET
3009	3009	Pe	RIGHT ANGLE BRACKET
300A	300A	Ps	LEFT DOUBLE ANGLE BRACKET
300B	300B	Pe	RIGHT DOUBLE ANGLE BRACKET
300C	300C	Ps	LEFT CORNER BRACKET
300D	300D	Pe	RIGHT CORNER BRACKET
300E	300E	Ps	LEFT WHITE CORNER BRACKET
300F	300F	Pe	RIGHT WHITE CORNER BRACKET
3010	3010	Ps	LEFT BLACK LENTICULAR BRACKET
3011	3011	Pe	RIGHT BLACK LENTICULAR BRACKET
3014	3014	Ps	LEFT TORTOISE SHELL BRACKET
3015	3015	Pe	RIGHT TORTOISE SHELL BRACKET
3016	3016	Ps	LEFT WHITE LENTICULAR BRACKET
3017	3017	Pe	RIGHT WHITE LENTICULAR BRACKET
3018	3018	Ps	LEFT WHITE TORTOISE SHELL BRACKET
3019	3019	Pe	RIGHT WHITE TORTOISE SHELL BRACKET
301A	301A	Ps	LEFT WHITE SQUARE BRACKET
301B	301B	Pe	RIGHT WHITE SQUARE BRACKET
301C	301C	Pd	WAVE DASH
301D	301D	Ps	REVERSED DOUBLE PRIME QUOTATION MARK
301E	301F	Pe	[2] DOUBLE PRIME QUOTATION MARK..LOW DOUBLE PRIME QUOTATION MARK
3030	3030	Pd	WAVY DASH
303D	303D	Po	PART ALTERNATION MARK
30A0	30A0	Pd	KATAKANA-HIRAGANA DOUBLE HYPHEN
30FB	30FB	Po	KATAKANA MIDDLE DOT
A4FE	A4FF	Po	[2] LISU PUNCTUATION COMMA..LISU PUNCTUATION FULL STOP
A60D	A60F	Po	[3] VAI COMMA..VAI QUESTION MARK
A673	A673	Po	SLAVONIC ASTERISK
A67E	A67E	Po	CYRILLIC KAVYKA
A6F2	A6F7	Po	[6] BAMUM NJAEMLI..BAMUM QUESTION MARK
A874	A877	Po	[4] PHAGS-PA SINGLE HEAD MARK..PHAGS-PA MARK DOUBLE SHAD
A8CE	A8CF	Po	[2] SAURASHTRA DANDA..SAURASHTRA DOUBLE DANDA
A8F8	A8FA	Po	[3] DEVANAGARI SIGN PUSHPIKA..DEVANAGARI CARET
A8FC	A8FC	Po	DEVANAGARI SIGN SIDDHAM
A92E	A92F	Po	[2] KAYAH LI SIGN CWI..KAYAH LI SIGN SHYA
A95F	A95F	Po	REJANG SECTION MARK
A9C1	A9CD	Po	[13] JAVANESE LEFT RERENGGAN..JAVANESE TURNED PADA PISELEH
A9DE	A9DF	Po	[2] JAVANESE PADA TIRTA TUMETES..JAVANESE PADA ISEN-ISEN
AA5C	AA5F	Po	[4] CHAM PUNCTUATION SPIRAL..CHAM PUNCTUATION TRIPLE DANDA
AADE	AADF	Po	[2] TAI VIET SYMBOL HO HOI..TAI VIET SYMBOL KOI KOI
AAF0	AAF1	Po	[2] MEETEI MAYEK CHEIKHAN..MEETEI MAYEK AHANG KHUDAM
ABEB	ABEB	Po	MEETEI MAYEK CHEIKHEI
FD3E	FD3E	Pe	ORNATE LEFT PARENTHESIS
FD3F	FD3F	Ps	ORNATE RIGHT PARENTHESIS
FE10	FE16	Po	[7] PRESENTATION FORM FOR VERTICAL COMMA..PRESENTATION FORM FOR VERTICAL QUESTION MARK
FE17	FE17	Ps	PRESENTATION FORM FOR VERTICAL LEFT WHITE LENTICULAR BRACKET
FE18	FE18	Pe	PRESENTATION FORM FOR VERTICAL RIGHT WHITE LENTICULAR BRAKCET
FE19	FE19	Po	PRESENTATION FORM FOR VERTICAL HORIZONTAL ELLIPSIS
FE30	FE30	Po	PRESENTATION FORM FOR VERTICAL TWO DOT LEADER
FE31	FE32	Pd	[2] PRESENTATION FORM FOR VERTICAL EM DASH..PRESENTATION FORM FOR VERTICAL EN DASH
FE33	FE34	Pc	[2] PRESENTATION FORM FOR VERTICAL LOW LINE..PRESENTATION FORM FOR VERTICAL WAVY LOW LINE
FE35	FE35	Ps	PRESENTATION FORM FOR VERTICAL LEFT PARENTHESIS
FE36	FE36	Pe	PRESENTATION FORM FOR VERTICAL RIGHT PARENTHESIS
FE37	FE37	Ps	PRESENTATION FORM FOR VERTICAL LEFT CURLY BRACKET
FE38	FE38	Pe	PRESENTATION FORM FOR VERTICAL RIGHT CURLY BRACKET
FE39	FE39	Ps	PRESENTATION FORM FOR VERTICAL LEFT TORTOISE SHELL BRACKET
FE3A	FE3A	Pe	PRESENTATION FORM FOR VERTICAL RIGHT TORTOISE SHELL BRACKET
FE3B	FE3B	Ps	PRESENTATION FORM FOR VERTICAL LEFT BLACK LENTICULAR BRACKET
FE3C	FE3C	Pe	PRESENTATION FORM FOR VERTICAL RIGHT BLACK LENTICULAR BRACKET
FE3D	FE3D	Ps	PRESENTATION FORM FOR VERTICAL LEFT DOUBLE ANGLE BRACKET
FE3E	FE3E	Pe	PRESENTATION FORM FOR VERTICAL RIGHT DOUBLE ANGLE BRACKET
FE3F	FE3F	Ps	PRESENTATION FORM FOR VERTICAL LEFT ANGLE BRACKET
FE40	FE40	Pe	PRESENTATION FORM FOR VERTICAL RIGHT ANGLE BRACKET
FE41	FE41	Ps	PRESENTATION FORM FOR VERTICAL LEFT CORNER BRACKET
FE42	FE42	Pe	PRESENTATION FORM FOR VERTICAL RIGHT CORNER BRACKET
FE43	FE43	Ps	PRESENTATION FORM FOR VERTICAL LEFT WHITE CORNER BRACKET
FE44	FE44	Pe	PRESENTATION FORM FOR VERTICAL RIGHT WHITE CORNER BRACKET
FE45	FE46	Po	[2] SESAME DOT..WHITE SESAME DOT
FE47	FE47	Ps	PRESENTATION FORM FOR VERTICAL LEFT SQUARE BRACKET
FE48	FE48	Pe	PRESENTATION FORM FOR VERTICAL RIGHT SQUARE BRACKET
FE49	FE4C	Po	[4] DASHED OVERLINE..DOUBLE WAVY OVERLINE
FE4D	FE4F	Pc	[3] DASHED LOW LINE..WAVY LOW LINE
FE50	FE52	Po	[3] SMALL COMMA..SMALL FULL STOP
FE54	FE57	Po	[4] SMALL SEMICOLON..SMALL EXCLAMATION MARK
FE58	FE58	Pd	SMALL EM DASH
FE59	FE59	Ps	SMALL LEFT PARENTHESIS
FE5A	FE5A	Pe	SMALL RIGHT PARENTHESIS
FE5B	FE5B	Ps	SMALL LEFT CURLY BRACKET
FE5C	FE5C	Pe	SMALL RIGHT CURLY BRACKET
FE5D	FE5D	Ps	SMALL LEFT TORTOISE SHELL BRACKET
FE5E	FE5E	Pe	SMALL RIGHT TORTOISE SHELL BRACKET
FE5F	FE61	Po	[3] SMALL NUMBER SIGN..SMALL ASTERISK
FE63	FE63	Pd	SMALL HYPHEN-MINUS
FE68	FE68	Po	SMALL REVERSE SOLIDUS
FE6A	FE6B	Po	[2] SMALL PERCENT SIGN..SMALL COMMERCIAL AT
FF01	FF03	Po	[3] FULLWIDTH EXCLAMATION MARK..FULLWIDTH NUMBER SIGN
FF05	FF07	Po	[3] FULLWIDTH PERCENT SIGN..FULLWIDTH APOSTROPHE
FF08	FF08	Ps	FULLWIDTH LEFT PARENTHESIS
FF09	FF09	Pe	FULLWIDTH RIGHT PARENTHESIS
FF0A	FF0A	Po	FULLWIDTH ASTERISK
FF0C	FF0C	Po	FULLWIDTH COMMA
FF0D	FF0D	Pd	FULLWIDTH HYPHEN-MINUS
FF0E	FF0F	Po	[2] FULLWIDTH FULL STOP..FULLWIDTH SOLIDUS
FF1A	FF1B	Po	[2] FULLWIDTH COLON..FULLWIDTH SEMICOLON
FF1F	FF20	Po	[2] FULLWIDTH QUESTION MARK..FULLWIDTH COMMERCIAL AT
FF3B	FF3B	Ps	FULLWIDTH LEFT SQUARE BRACKET
FF3C	FF3C	Po	FULLWIDTH REVERSE SOLIDUS
FF3D	FF3D	Pe	FULLWIDTH RIGHT SQUARE BRACKET
FF3F	FF3F	Pc	FULLWIDTH LOW LINE
FF5B	FF5B	Ps	FULLWIDTH LEFT CURLY BRACKET
FF5D	FF5D	Pe	FULLWIDTH RIGHT CURLY BRACKET
FF5F	FF5F	Ps	FULLWIDTH LEFT WHITE PARENTHESIS
FF60	FF60	Pe	FULLWIDTH RIGHT WHITE PARENTHESIS
FF61	FF61	Po	HALFWIDTH IDEOGRAPHIC FULL STOP
FF62	FF62	Ps	HALFWIDTH LEFT CORNER BRACKET
FF63	FF63	Pe	HALFWIDTH RIGHT CORNER BRACKET
FF64	FF65	Po	[2] HALFWIDTH IDEOGRAPHIC COMMA..HALFWIDTH KATAKANA MIDDLE DOT
10100	10102	Po	[3] AEGEAN WORD SEPARATOR LINE..AEGEAN CHECK MARK
1039F	1039F	Po	UGARITIC WORD DIVIDER
103D0	103D0	Po	OLD PERSIAN WORD DIVIDER
1056F	1056F	Po	CAUCASIAN ALBANIAN CITATION MARK
10857	10857	Po	IMPERIAL ARAMAIC SECTION SIGN
1091F	1091F	Po	PHOENICIAN WORD SEPARATOR
1093F	1093F	Po	LYDIAN TRIANGULAR MARK
10A50	10A58	Po	[9] KHAROSHTHI PUNCTUATION DOT..KHAROSHTHI PUNCTUATION LINES
10A7F	10A7F	Po	OLD SOUTH ARABIAN NUMERIC INDICATOR
10AF0	10AF6	Po	[7] MANICHAEAN PUNCTUATION STAR..MANICHAEAN PUNCTUATION LINE FILLER
10B39	10B3F	Po	[7] AVESTAN ABBREVIATION MARK..LARGE ONE RING OVER TWO RINGS PUNCTUATION
10B99	10B9C	Po	[4] PSALTER PAHLAVI SECTION MARK..PSALTER PAHLAVI FOUR DOTS WITH DOT
10D6E	10D6E	Pd	GARAY HYPHEN
10EAD	10EAD	Pd	YEZIDI HYPHENATION MARK
10ED0	10ED0	Po	ARABIC BIBLICAL END OF VERSE
10F55	10F59	Po	[5] SOGDIAN PUNCTUATION TWO VERTICAL BARS..SOGDIAN PUNCTUATION HALF CIRCLE WITH DOT
10F86	10F89	Po	[4] OLD UYGHUR PUNCTUATION BAR..OLD UYGHUR PUNCTUATION FOUR DOTS
11047	1104D	Po	[7] BRAHMI DANDA..BRAHMI PUNCTUATION LOTUS
110BB	110BC	Po	[2] KAITHI ABBREVIATION SIGN..KAITHI ENUMERATION SIGN
110BE	110C1	Po	[4] KAITHI SECTION MARK..KAITHI DOUBLE DANDA
11140	11143	Po	[4] CHAKMA SECTION MARK..CHAKMA QUESTION MARK
11174	11175	Po	[2] MAHAJANI ABBREVIATION SIGN..MAHAJANI SECTION MARK
111C5	111C8	Po	[4] SHARADA DANDA..SHARADA SEPARATOR
111CD	111CD	Po	SHARADA SUTRA MARK
111DB	111DB	Po	SHARADA SIGN SIDDHAM
111DD	111DF	Po	[3] SHARADA CONTINUATION SIGN..SHARADA SECTION MARK-2
11238	1123D	Po	[6] KHOJKI DANDA..KHOJKI ABBREVIATION SIGN
112A9	112A9	Po	MULTANI SECTION MARK
113D4	113D5	Po	[2] TULU-TIGALARI DANDA..TULU-TIGALARI DOUBLE DANDA
113D7	113D8	Po	[2] TULU-TIGALARI SIGN OM PUSHPIKA..TULU-TIGALARI SIGN SHRII PUSHPIKA
1144B	1144F	Po	[5] NEWA DANDA..NEWA ABBREVIATION SIGN
1145A	1145B	Po	[2] NEWA DOUBLE COMMA..NEWA PLACEHOLDER MARK
1145D	1145D	Po	NEWA INSERTION SIGN
114C6	114C6	Po	TIRHUTA ABBREVIATION SIGN
115C1	115D7	Po	[23] SIDDHAM SIGN SIDDHAM..SIDDHAM SECTION MARK WITH CIRCLES AND FOUR ENCLOSURES
11641	11643	Po	[3] MODI DANDA..MODI ABBREVIATION SIGN
11660	1166C	Po	[13] MONGOLIAN BIRGA WITH ORNAMENT..MONGOLIAN TURNED SWIRL BIRGA WITH DOUBLE ORNAMENT
116B9	116B9	Po	TAKRI ABBREVIATION SIGN
1173C	1173E	Po	[3] AHOM SIGN SMALL SECTION..AHOM SIGN RULAI
1183B	1183B	Po	DOGRA ABBREVIATION SIGN
11944	11946	Po	[3] DIVES AKURU DOUBLE DANDA..DIVES AKURU END OF TEXT MARK
119E2	119E2	Po	NANDINAGARI SIGN SIDDHAM
11A3F	11A46	Po	[8] ZANABAZAR SQUARE INITIAL HEAD MARK..ZANABAZAR SQUARE CLOSING DOUBLE-LINED HEAD MARK
11A9A	11A9C	Po	[3] SOYOMBO MARK TSHEG..SOYOMBO MARK DOUBLE SHAD
11A9E	11AA2	Po	[5] SOYOMBO HEAD MARK WITH MOON AND SUN AND TRIPLE FLAME..SOYOMBO TERMINAL MARK-2
11B00	11B09	Po	[10] DEVANAGARI HEAD MARK..DEVANAGARI SIGN MINDU
11BE1	11BE1	Po	SUNUWAR SIGN PVO
11C41	11C45	Po	[5] BHAIKSUKI DANDA..BHAIKSUKI GAP FILLER-2
11C70	11C71	Po	[2] MARCHEN HEAD MARK..MARCHEN MARK SHAD
11EF7	11EF8	Po	[2] MAKASAR PASSIMBANG..MAKASAR END OF SECTION
11F43	11F4F	Po	[13] KAWI DANDA..KAWI PUNCTUATION CLOSING SPIRAL
11FFF	11FFF	Po	TAMIL PUNCTUATION END OF TEXT
12470	12474	Po	[5] CUNEIFORM PUNCTUATION SIGN OLD ASSYRIAN WORD DIVIDER..CUNEIFORM PUNCTUATION SIGN DIAGONAL QUADCOLON
12FF1	12FF2	Po	[2] CYPRO-MINOAN SIGN CM301..CYPRO-MINOAN SIGN CM302
16A6E	16A6F	Po	[2] MRO DANDA..MRO DOUBLE DANDA
16AF5	16AF5	Po	BASSA VAH FULL STOP
16B37	16B3B	Po	[5] PAHAWH HMONG SIGN VOS THOM..PAHAWH HMONG SIGN VOS FEEM
16B44	16B44	Po	PAHAWH HMONG SIGN XAUS
16D6D	16D6F	Po	[3] KIRAT RAI SIGN YUPI..KIRAT RAI DOUBLE DANDA
16E97	16E9A	Po	[4] MEDEFAIDRIN COMMA..MEDEFAIDRIN EXCLAMATION OH
16FE2	16FE2	Po	OLD CHINESE HOOK MARK
1BC9F	1BC9F	Po	DUPLOYAN PUNCTUATION CHINOOK FULL STOP
1DA87	1DA8B	Po	[5] SIGNWRITING COMMA..SIGNWRITING PARENTHESIS
1E5FF	1E5FF	Po	OL ONAL ABBREVIATION SIGN
1E95E	1E95F	Po	[2] ADLAM INITIAL EXCLAMATION MARK..ADLAM INITIAL QUESTION MARK
