upos	xpos	count
ADP	PREP	91428
PUNCT	PUNC	74576
CCONJ	CONJ	48743
NOUN	DET+NOUN+CASE_DEF_GEN	40291
NOUN	NOUN+CASE_DEF_GEN	36413
PROPN	NOUN_PROP	35342
VERB	PV+PVSUFF_SUBJ:3MS	16668
ADJ	DET+ADJ+NSUFF_FEM_SG+CASE_DEF_GEN	16426
NOUN	DET+NOUN+NSUFF_FEM_SG+CASE_DEF_GEN	15473
SCONJ	SUB_CONJ	15007
NOUN	NOUN+NSUFF_FEM_SG+CASE_DEF_GEN	13819
ADV	NOUN+CASE_DEF_ACC	12900
NUM	NOUN_NUM	11966
NOUN	NOUN+CASE_INDEF_GEN	11882
ADJ	DET+ADJ+CASE_DEF_GEN	11458
NOUN	NOUN+CASE_DEF_ACC	10431
PRON	REL_PRON	10102
VERB	IV3MS+IV+IVSUFF_MOOD:I	9368
NOUN	DET+NOUN+CASE_DEF_ACC	8383
VERB	PV+PVSUFF_SUBJ:3FS	8301
NOUN	DET+NOUN+CASE_DEF_NOM	8091
NOUN	NOUN+CASE_INDEF_ACC	8024
NOUN	NOUN+CASE_DEF_NOM	7726
PRON	POSS_PRON_3MS	6987
VERB	IV3FS+IV+IVSUFF_MOOD:I	6967
NOUN	DET+NOUN+NSUFF_FEM_PL+CASE_DEF_GEN	6468
PRON	POSS_PRON_3FS	5587
PRON	PRON_3MS	5137
ADJ	ADJ+NSUFF_FEM_SG+CASE_INDEF_GEN	4717
NOUN	NOUN+NSUFF_FEM_SG+CASE_INDEF_GEN	4695
ADV	NEG_PART	4526
PROPN	DET+NOUN_PROP	4367
PRON	PRON_3FS	4162
ADJ	ADJ+CASE_INDEF_ACC	4116
NOUN	NOUN	4050
DET	DEM_PRON_MS	3576
ADJ	DET+ADJ+CASE_DEF_NOM	3357
ADJ	ADJ+CASE_INDEF_GEN	3237
NOUN	DET+NOUN	3168
NOUN	NOUN+NSUFF_FEM_SG+CASE_DEF_ACC	3091
PROPN	ABBREV	3088
NOUN	DET+NOUN+NSUFF_FEM_SG+CASE_DEF_NOM	2923
PROPN	NOUN_PROP+CASE_INDEF_GEN	2826
NOUN	NOUN+NSUFF_FEM_SG+CASE_INDEF_ACC	2777
NOUN	NOUN+NSUFF_FEM_SG+CASE_DEF_NOM	2751
ADJ	DET+ADJ+NSUFF_FEM_SG+CASE_DEF_NOM	2718
NOUN	NOUN+NSUFF_FEM_PL+CASE_DEF_GEN	2713
NOUN	NOUN+CASE_INDEF_NOM	2615
NOUN	DET+NOUN+NSUFF_FEM_SG+CASE_DEF_ACC	2599
NOUN	DET+NOUN+NSUFF_MASC_PL_GEN	2556
ADJ	DET+ADJ+CASE_DEF_ACC	2417
NOUN	NOUN+NSUFF_FEM_PL+CASE_INDEF_GEN	2406
AUX	FUT_PART	2305
ADJ	ADJ+NSUFF_FEM_SG+CASE_INDEF_ACC	2265
ADJ	DET+ADJ+NSUFF_FEM_SG+CASE_DEF_ACC	2259
PROPN	DET+NOUN_PROP+CASE_DEF_GEN	2254
DET	DEM_PRON_F	2220
PRON	POSS_PRON_3MP	2057
NOUN	NOUN_QUANT+CASE_DEF_GEN	1904
ADV	ADV	1794
ADV	NOUN+CASE_DEF_GEN	1770
ADJ	ADJ+NSUFF_FEM_SG+CASE_INDEF_NOM	1747
AUX	PV+PVSUFF_SUBJ:3MS	1690
ADJ	ADJ+CASE_INDEF_NOM	1610
PROPN	NOUN_PROP+CASE_DEF_ACC	1449
ADJ	DET+ADJ	1400
VERB	IV3MS+IV+IVSUFF_MOOD:S	1396
SCONJ	PSEUDO_VERB	1323
AUX	VERB_PART	1308
VERB	IV3MP+IV+IVSUFF_SUBJ:MP_MOOD:I	1219
VERB	PV+PVSUFF_SUBJ:3MP	1207
VERB	IV3FS+IV+IVSUFF_MOOD:S	1161
NOUN	DET+NOUN+NSUFF_FEM_PL+CASE_DEF_ACC	1157
AUX	PSEUDO_VERB	1144
PRON	PVSUFF_DO:3MS	1096
VERB	IV1P+IV+IVSUFF_MOOD:I	1080
PRON	PVSUFF_DO:3FS	1055
VERB	PV_PASS+PVSUFF_SUBJ:3MS	997
NOUN	NOUN+NSUFF_FEM_SG+CASE_INDEF_NOM	984
NOUN	DET+NOUN+NSUFF_FEM_PL+CASE_DEF_NOM	969
PRON	POSS_PRON_1P	967
PRON	IVSUFF_DO:3FS	943
PRON	PRON_3MP	931
AUX	PV+PVSUFF_SUBJ:3FS	893
VERB	IV3MS+IV_PASS+IVSUFF_MOOD:I	890
PRON	IVSUFF_DO:3MS	889
PROPN	DET+NOUN_PROP+NSUFF_FEM_SG+CASE_DEF_GEN	887
NUM	NOUN_NUM+CASE_DEF_GEN	883
ADJ	DET+ADJ+NSUFF_MASC_PL_GEN	879
NOUN	NOUN_QUANT+CASE_DEF_ACC	877
PROPN	NOUN_PROP+CASE_DEF_NOM	826
PRON	PRON_1P	793
ADJ	DET+ADJ_NUM	733
NOUN	DET+NOUN+NSUFF_MASC_PL_ACC	701
NOUN	NOUN+NSUFF_FEM_PL+CASE_INDEF_ACC	700
PROPN	NOUN_PROP+NSUFF_FEM_SG	689
ADJ	ADJ	679
ADV	REL_ADV	664
NOUN	NOUN+NSUFF_FEM_PL+CASE_DEF_ACC	649
VERB	PV_PASS+PVSUFF_SUBJ:3FS	646
VERB	IV3MS+IV+IVSUFF_MOOD:J	630
PART	CONNEC_PART	626
ADJ	DET+ADJ_NUM+CASE_DEF_GEN	610
NOUN	DET+NOUN+NSUFF_MASC_PL_NOM	584
NOUN	ADJ+CASE_INDEF_ACC	583
ADV	NOUN_PROP+CASE_INDEF_GEN	580
PROPN	NOUN	577
PROPN	DET+NOUN_PROP+CASE_DEF_NOM	564
NOUN	NOUN_QUANT+CASE_DEF_NOM	558
VERB	IV3FS+IV_PASS+IVSUFF_MOOD:I	537
NOUN	DET+NOUN+NSUFF_MASC_DU_GEN	517
PUNCT	ABBREV	513
NOUN	NOUN+NSUFF_MASC_PL_GEN	490
ADJ	ADJ_COMP+CASE_DEF_ACC	484
NOUN	NOUN+NSUFF_FEM_PL+CASE_INDEF_NOM	479
VERB	IV1S+IV+IVSUFF_MOOD:I	463
ADV	NOUN	460
NUM	NOUN_NUM+NSUFF_FEM_SG+CASE_DEF_GEN	459
ADJ	DET+ADJ_NUM+NSUFF_FEM_SG+CASE_DEF_GEN	457
ADJ	ADJ_COMP+CASE_DEF_GEN	452
NUM	NOUN_NUM+CASE_DEF_ACC	443
VERB	PV+PVSUFF_SUBJ:1P	442
ADJ	DET+ADJ_COMP+CASE_DEF_GEN	441
PROPN	DET+NOUN	427
PART	PART	408
PRON	POSS_PRON_3D	401
NOUN	NOUN+NSUFF_FEM_PL+CASE_DEF_NOM	399
PART	RESTRIC_PART	396
VERB	IV3FS+IV+IVSUFF_MOOD:J	396
VERB	IV1P+IV+IVSUFF_MOOD:S	383
NOUN	DET+ADJ+CASE_DEF_GEN	381
PROPN	NOUN_PROP+CASE_DEF_GEN	371
ADV	NOUN+CASE_DEF_NOM	370
PRON	POSS_PRON_1S	370
X	ABBREV	358
PRON	PRON_1S	332
ADJ	ADJ+NSUFF_MASC_PL_NOM	322
NOUN	NOUN+NSUFF_MASC_DU_GEN	318
ADJ	ADJ+NSUFF_MASC_PL_ACC	300
ADJ	ADJ_COMP+CASE_DEF_NOM	297
AUX	SUB_CONJ	294
ADV	NOUN+CASE_INDEF_GEN	288
AUX	IV3MS+IV+IVSUFF_MOOD:I	286
DET	DET	285
VERB	IV3MP+IV+IVSUFF_SUBJ:MP_MOOD:SJ	285
AUX	IV3MS+IV+IVSUFF_MOOD:S	281
PART	FOCUS_PART	278
NOUN	NOUN+NSUFF_MASC_PL_NOM	277
PROPN	ADJ	269
ADJ	DET+ADJ+NSUFF_MASC_PL_ACC	268
ADJ	DET+ADJ_COMP	260
VERB	PV+PVSUFF_SUBJ:1S	259
ADV	NOUN_PROP	258
PROPN	PV+PVSUFF_SUBJ:3MS	258
PROPN	DET+NOUN_PROP+NSUFF_FEM_SG	257
NUM	NOUN_NUM+NSUFF_FEM_SG+CASE_DEF_ACC	247
NOUN	NOUN+NSUFF_MASC_PL_GEN_POSS	246
PROPN	DET+NOUN_PROP+CASE_DEF_ACC	245
VERB	PV+PVSUFF_SUBJ:3MD	243
NUM	DET+NOUN_NUM+NSUFF_FEM_SG+CASE_DEF_GEN	239
PRON	PRON_3D	237
ADJ	ADJ+NSUFF_MASC_PL_GEN	232
PART	INTERROG_PART	232
ADJ	ADJ_NUM+CASE_INDEF_ACC	229
PROPN	DET+ADJ_NUM	216
PROPN	DET+NOUN_PROP+NSUFF_FEM_SG+CASE_DEF_NOM	209
ADJ	DET+ADJ_NUM+CASE_DEF_NOM	205
ADV	INTERROG_ADV	204
AUX	IV3FS+IV+IVSUFF_MOOD:S	204
NOUN	DET+NOUN+NSUFF_MASC_DU_ACC	204
PART	RC_PART	191
AUX	IV3FS+IV+IVSUFF_MOOD:I	190
SCONJ	CONJ	187
NOUN	NOUN+NSUFF_MASC_PL_ACC	173
NOUN	DET+NOUN+NSUFF_FEM_DU_GEN	172
PROPN	NOUN_PROP+NSUFF_FEM_SG+CASE_DEF_ACC	170
NOUN	NOUN_QUANT+CASE_INDEF_GEN	168
PROPN	NOUN+NSUFF_FEM_SG	168
ADJ	ADJ+CASE_DEF_GEN	167
ADJ	DET+ADJ+NSUFF_MASC_PL_NOM	167
NOUN	DET+ADJ+NSUFF_MASC_PL_GEN	165
PROPN	DET+ADJ	162
VERB	PV_PASS+PVSUFF_SUBJ:3MP	162
NOUN	DET+ADJ+NSUFF_FEM_SG+CASE_DEF_GEN	156
NOUN	DET+NOUN+NSUFF_MASC_DU_NOM	155
PRON	IVSUFF_DO:1P	154
NOUN	NOUN_PROP	151
NOUN	NOUN+NSUFF_MASC_DU_GEN_POSS	151
VERB	IV3MD+IV+IVSUFF_SUBJ:D_MOOD:I	151
VERB	IV1S+IV+IVSUFF_MOOD:S	148
NOUN	ADJ+CASE_INDEF_GEN	145
ADJ	ADJ_NUM+CASE_DEF_ACC	144
DET	DEM_PRON_P	144
NOUN	NOUN+NSUFF_MASC_DU_ACC	144
NOUN	PREP	142
ADJ	DET+ADJ_NUM+CASE_DEF_ACC	141
ADJ	DET+ADJ+NSUFF_MASC_DU_GEN	139
ADJ	NOUN_NUM	139
NOUN	NOUN_QUANT+CASE_INDEF_ACC	139
PRON	IVSUFF_DO:3MP	138
NOUN	DET+NOUN_QUANT+CASE_DEF_GEN	137
NOUN	NOUN+NSUFF_FEM_DU_GEN	137
NOUN	NOUN+NSUFF_FEM_DU_GEN_POSS	136
ADJ	ADJ_COMP	133
ADJ	ADJ+CASE_DEF_ACC	131
PRON	INTERROG_PRON	130
NOUN	NOUN+NSUFF_MASC_DU_ACC_POSS	126
ADJ	ADJ+CASE_DEF_NOM	125
ADJ	DET+ADJ+NSUFF_FEM_SG	125
AUX	PV+PVSUFF_SUBJ:3MP	124
VERB	VERB	124
NOUN	NOUN+NSUFF_FEM_SG	122
ADJ	DET+NOUN_NUM+NSUFF_FEM_SG+CASE_DEF_GEN	120
NOUN	NOUN+NSUFF_MASC_DU_NOM	116
ADJ	DET+ADJ_COMP+CASE_DEF_NOM	114
ADJ	DET+NOUN+NSUFF_FEM_SG+CASE_DEF_GEN	114
VERB	IV3MS+IV_PASS+IVSUFF_MOOD:S	114
NUM	NOUN_NUM+CASE_INDEF_GEN	112
ADJ	ADJ_NUM+CASE_DEF_GEN	111
ADJ	ADJ+NSUFF_FEM_SG+CASE_DEF_GEN	111
ADJ	DET+NOUN+CASE_DEF_GEN	110
AUX	IV3MS+IV+IVSUFF_MOOD:J	110
PRON	POSS_PRON_2MS	109
PROPN	ADJ+NSUFF_FEM_SG	109
PROPN	NOUN_PROP+NSUFF_FEM_SG+CASE_DEF_GEN	109
NUM	NOUN_NUM+NSUFF_FEM_SG+CASE_DEF_NOM	108
PRON	POSS_PRON_2MP	108
NOUN	DET+ADJ+CASE_DEF_NOM	107
NUM	NOUN_NUM+CASE_INDEF_ACC	107
NOUN	DET+NOUN_QUANT+CASE_DEF_NOM	105
X	IV1S+IV+IVSUFF_MOOD:S	105
ADJ	DET+ADJ_NUM+NSUFF_FEM_SG+CASE_DEF_NOM	104
CCONJ	SUB_CONJ	104
PROPN	NOUN+NSUFF_MASC_DU_ACC_POSS	104
NOUN	ADJ+CASE_DEF_GEN	103
ADJ	DET+ADJ_NUM+NSUFF_FEM_SG+CASE_DEF_ACC	101
ADJ	NOUN_NUM+CASE_INDEF_GEN	101
PART	VOC_PART	100
ADJ	ADJ_COMP+CASE_INDEF_GEN	99
NUM	NOUN_NUM+NSUFF_MASC_PL_GEN	95
ADJ	DET+NOUN_NUM+CASE_DEF_GEN	90
NOUN	NOUN_QUANT+NSUFF_FEM_SG+CASE_DEF_GEN	90
PRON	PVSUFF_DO:3MP	90
NOUN	NOUN+NSUFF_MASC_PL_ACC_POSS	87
VERB	IV3MS+IV_PASS+IVSUFF_MOOD:J	87
ADJ	ADJ_NUM	86
NOUN	NOUN_NUM+CASE_DEF_GEN	83
ADJ	DET+ADJ_COMP+CASE_DEF_ACC	82
NOUN	DET+ADJ+CASE_DEF_ACC	82
VERB	IV3FS+IV_PASS+IVSUFF_MOOD:S	82
CCONJ	PUNC	80
NUM	NOUN+CASE_DEF_GEN	80
PROPN	DET+NOUN+NSUFF_FEM_SG	80
NOUN	NOUN_QUANT+CASE_INDEF_NOM	78
PROPN	PV+PVSUFF_SUBJ:3MD	78
VERB	IV1P+IV+IVSUFF_MOOD:J	77
PROPN	NOUN_PROP+NSUFF_FEM_SG+CASE_DEF_NOM	76
ADV	NOUN_QUANT	75
ADJ	ADJ+NSUFF_MASC_DU_GEN	74
NOUN	ADJ+NSUFF_FEM_SG+CASE_INDEF_GEN	74
NUM	NOUN_NUM+CASE_DEF_NOM	74
PRON	IVSUFF_DO:1S	74
ADJ	NOUN_NUM+NSUFF_FEM_SG+CASE_INDEF_GEN	73
X	NOUN_PROP	73
AUX	IV3FS+IV+IVSUFF_MOOD:J	71
ADJ	ADJ_NUM+CASE_DEF_NOM	70
PART	PREP	70
PROPN	DET+NOUN_PROP+NSUFF_FEM_SG+CASE_DEF_ACC	70
PROPN	NOUN+CASE_INDEF_ACC	70
NOUN	NOUN+NSUFF_FEM_DU_ACC	69
NOUN	NOUN+NSUFF_MASC_PL_NOM_POSS	69
ADJ	ADJ_NUM+NSUFF_FEM_SG+CASE_INDEF_ACC	67
ADV	NOUN+CASE_INDEF_ACC	66
PRON	PVSUFF_DO:1P	66
PRON	PRON_2MS	65
PROPN	NOUN_PROP+CASE_INDEF_ACC	64
VERB	PV+PVSUFF_SUBJ:3FD	64
ADJ	NOUN+CASE_INDEF_ACC	63
PROPN	PV+PVSUFF_SUBJ:3FS	63
NOUN	ADJ+NSUFF_FEM_SG+CASE_INDEF_ACC	62
NUM	NOUN_NUM+NSUFF_FEM_SG+CASE_INDEF_GEN	62
PRON	PRON_2MP	62
X	PSEUDO_VERB	62
NOUN	NOUN+NSUFF_MASC_DU_NOM_POSS	61
NUM	NOUN_NUM+NSUFF_FEM_PL+CASE_DEF_GEN	61
PART	CONJ	61
ADJ	ADJ+NSUFF_MASC_DU_ACC	60
NOUN	DET+NOUN+NSUFF_FEM_PL	60
VERB	IV2MS+IV+IVSUFF_MOOD:I	60
NOUN	NOUN_NUM+CASE_DEF_ACC	59
NOUN	NOUN_QUANT+NSUFF_FEM_SG+CASE_DEF_NOM	58
NOUN	DET+ADJ	57
NOUN	NOUN_NUM+CASE_DEF_NOM	57
NOUN	NOUN_QUANT+NSUFF_FEM_SG+CASE_DEF_ACC	57
ADJ	ADJ_NUM+NSUFF_FEM_SG+CASE_INDEF_GEN	55
ADJ	DET+ADJ+NSUFF_FEM_PL+CASE_DEF_GEN	54
VERB	IV1S+IV+IVSUFF_MOOD:J	54
INTJ	INTERJ	53
PART	JUS_PART	52
ADJ	DET+ADJ+NSUFF_FEM_DU_GEN	51
NOUN	NOUN+NSUFF_FEM_DU_NOM	51
PRON	PVSUFF_DO:1S	51
PROPN	DET+ADJ+NSUFF_FEM_SG	50
PROPN	PV+PVSUFF_SUBJ:3FP	49
DET	DEM_PRON	48
NOUN	CONJ	48
ADJ	DET+ADJ+NSUFF_MASC_DU_ACC	47
ADJ	NOUN_NUM+NSUFF_FEM_SG+CASE_INDEF_ACC	47
AUX	PV+PVSUFF_SUBJ:1S	46
VERB	IV3FD+IV+IVSUFF_SUBJ:D_MOOD:I	46
VERB	PV+PVSUFF_SUBJ:2MS	46
VERB	CONJ	45
ADJ	NOUN+CASE_INDEF_GEN	43
ADJ	NOUN+NSUFF_FEM_SG+CASE_INDEF_GEN	43
ADV	NOUN_PROP+CASE_DEF_ACC	43
NOUN	DET+NOUN+NSUFF_FEM_SG	43
NOUN	NOUN+NSUFF_FEM_PL	43
NUM	NOUN_NUM+NSUFF_FEM_SG+CASE_INDEF_ACC	42
VERB	PV_PASS+PVSUFF_SUBJ:3MD	42
ADJ	ADJ_NUM+NSUFF_FEM_SG+CASE_DEF_ACC	41
ADJ	ADJ+NSUFF_FEM_SG+CASE_DEF_ACC	41
CCONJ	CONNEC_PART	41
CCONJ	PREP	41
NOUN	ADJ+CASE_DEF_NOM	41
PROPN	ADJ+NSUFF_MASC_DU_NOM_POSS	41
VERB	IV3FS+IV_PASS+IVSUFF_MOOD:J	41
VERB	NOUN_PROP	41
X	NOUN	41
ADJ	DET+ADJ_NUM+NSUFF_MASC_PL_GEN	40
NOUN	DET+ADJ+NSUFF_FEM_PL+CASE_DEF_GEN	40
NOUN	DET+ADJ+NSUFF_MASC_PL_NOM	40
NOUN	NOUN+NSUFF_FEM_DU_ACC_POSS	40
PART	PSEUDO_VERB	40
NOUN	ADJ+NSUFF_FEM_SG+CASE_DEF_GEN	39
VERB	IV2MP+IV+IVSUFF_SUBJ:MP_MOOD:I	38
ADJ	ADJ+NSUFF_FEM_SG	37
ADJ	NOUN+CASE_INDEF_NOM	37
NOUN	DET+NOUN+NSUFF_FEM_DU_ACC	37
NOUN	NOUN_NUM+NSUFF_FEM_SG+CASE_DEF_GEN	37
NUM	NOUN_NUM+NSUFF_FEM_SG+CASE_INDEF_NOM	37
ADJ	ADJ+NSUFF_FEM_DU_GEN	36
ADJ	ADJ+NSUFF_MASC_DU_NOM	36
ADJ	NOUN	36
ADJ	NOUN_NUM+CASE_INDEF_ACC	36
NOUN	DET+NOUN+NSUFF_FEM_DU_NOM	36
PROPN	FOREIGN	36
ADJ	ADJ+NSUFF_FEM_SG+CASE_DEF_NOM	35
AUX	PV+PVSUFF_SUBJ:1P	35
NOUN	NOUN+NSUFF_FEM_DU_NOM_POSS	35
VERB	CV+CVSUFF_SUBJ:2MS	34
ADJ	ADJ+NSUFF_MASC_DU_NOM_POSS	33
NOUN	DET+NOUN_QUANT+CASE_DEF_ACC	33
PRON	PVSUFF_DO:3D	33
PROPN	IV1S+IV+IVSUFF_MOOD:J	33
NUM	NOUN_NUM+NSUFF_MASC_PL_ACC	32
ADJ	DET+NOUN	31
ADJ	DET+NOUN+CASE_DEF_NOM	31
NOUN	ADJ+NSUFF_MASC_PL_NOM	31
NOUN	PV+PVSUFF_SUBJ:3MS	31
PROPN	ADJ+NSUFF_MASC_DU_ACC_POSS	31
ADJ	NOUN+NSUFF_FEM_SG+CASE_INDEF_ACC	30
PROPN	NOUN_PROP+CASE_INDEF_NOM	29
X	ADJ+NSUFF_FEM_SG	29
ADJ	ADJ_COMP+CASE_INDEF_ACC	28
NOUN	ADJ+CASE_INDEF_NOM	28
PRON	NOUN+CASE_DEF_GEN	28
PROPN	IV1S+IV+IVSUFF_MOOD:S	28
ADP	CONJ	27
NOUN	ADJ+NSUFF_MASC_PL_GEN	27
VERB	IV2MS+IV+IVSUFF_MOOD:S	27
ADJ	NOUN_NUM+NSUFF_FEM_SG+CASE_INDEF_NOM	26
ADJ	NOUN+NSUFF_FEM_SG+CASE_INDEF_NOM	26
ADP	TyPO	26
AUX	PV+PVSUFF_SUBJ:3MD	26
NOUN	DET+NOUN_QUANT+NSUFF_FEM_SG+CASE_DEF_GEN	26
NUM	DET+NOUN_NUM+CASE_DEF_GEN	26
NUM	NOUN_NUM+NSUFF_MASC_DU_GEN_POSS	26
X	PV+PVSUFF_SUBJ:3MS	26
ADJ	NOUN_NUM+CASE_INDEF_NOM	25
DET	NOUN	25
PROPN	ADJ+NSUFF_MASC_DU_NOM	25
VERB	PV+PVSUFF_SUBJ:3FP	25
ADJ	DET+NOUN_NUM+NSUFF_FEM_SG+CASE_DEF_NOM	24
AUX	IV3MP+IV+IVSUFF_SUBJ:MP_MOOD:SJ	24
NOUN	NOUN_QUANT+NSUFF_FEM_SG+CASE_INDEF_ACC	24
PROPN	PV+PVSUFF_SUBJ:3FD	24
ADJ	ADJ_COMP+CASE_INDEF_NOM	23
CCONJ	RC_PART	23
NOUN	DET+ADJ+NSUFF_FEM_SG+CASE_DEF_ACC	23
NOUN	PUNC	23
NUM	NOUN_NUM+NSUFF_MASC_DU_GEN	23
PRON	IVSUFF_DO:2MS	23
PRON	PREP	23
PROPN	ADJ_COMP	23
PROPN	NOUN_PROP+NSUFF_FEM_PL	23
PROPN	NOUN+NSUFF_MASC_DU_NOM	23
VERB	CV+CVSUFF_SUBJ:2MP	23
ADJ	ADJ+NSUFF_FEM_DU_ACC	22
ADJ	ADJ+NSUFF_MASC_PL_GEN_POSS	22
ADJ	DET+ADJ+NSUFF_MASC_DU_NOM	22
ADJ	DET+NOUN+NSUFF_MASC_PL_GEN	22
NOUN	IV3MS+IV+IVSUFF_MOOD:I	22
PRON	IVSUFF_DO:3D	22
PROPN	ADJ+NSUFF_MASC_PL_NOM_POSS	22
PROPN	NOUN+NSUFF_MASC_DU_NOM_POSS	22
ADJ	ADJ_NUM+NSUFF_FEM_SG+CASE_INDEF_NOM	21
ADJ	DET+NOUN_NUM+NSUFF_FEM_SG+CASE_DEF_ACC	21
ADJ	NOUN_PROP	21
DET	DEM_PRON_MD	21
NOUN	DET+ADJ+NSUFF_FEM_SG+CASE_DEF_NOM	21
PRON	IVSUFF_DO:2MP	21
SCONJ	PREP	21
VERB	IV2MP+IV+IVSUFF_SUBJ:MP_MOOD:SJ	21
VERB	IV3MD+IV+IVSUFF_SUBJ:D_MOOD:SJ	21
X	FOREIGN	21
ADJ	ADJ_NUM+CASE_INDEF_GEN	20
ADJ	ADJ+NSUFF_FEM_DU_NOM	20
ADP	DET+NOUN+CASE_DEF_GEN	20
NOUN	ADJ+NSUFF_MASC_PL_GEN_POSS	20
PROPN	PREP	20
X	DET+NOUN	20
ADV	TyPO	19
AUX	IV1P+IV+IVSUFF_MOOD:S	19
NOUN	ADJ+NSUFF_FEM_PL+CASE_DEF_GEN	19
NOUN	ADJ+NSUFF_MASC_PL_ACC	19
NUM	NOUN_NUM+CASE_INDEF_NOM	19
SCONJ	TyPO	19
VERB	REL_PRON	19
ADP	RC_PART	18
ADV	NOUN+NSUFF_FEM_SG+CASE_DEF_ACC	18
DET	DEM_PRON_FD	18
NOUN	ADJ	18
NOUN	ADJ+NSUFF_FEM_SG+CASE_DEF_NOM	18
PRON	POSS_PRON_3FP	18
PROPN	NOUN+CASE_DEF_GEN	18
SCONJ	EMPHATIC_PART	18
VERB	IV3MP+IV_PASS+IVSUFF_SUBJ:MP_MOOD:I	18
X	IV3MS+IV+IVSUFF_MOOD:S	18
CCONJ	NEG_PART	17
NOUN	DEM_PRON_MS	17
NOUN	NOUN_NUM+CASE_INDEF_NOM	17
NOUN	NOUN_QUANT	17
NUM	NOUN_NUM+NSUFF_MASC_DU_NOM	17
PART	NEG_PART	17
PROPN	PV+PVSUFF_SUBJ:1P	17
VERB	IV1S+IV_PASS+IVSUFF_MOOD:S	17
VERB	PV+PVSUFF_SUBJ:2MP	17
ADJ	DET+NOUN+CASE_DEF_ACC	16
ADP	PUNC	16
NOUN	DET+ADJ+NSUFF_MASC_DU_ACC	16
NUM	DET+NOUN_NUM+NSUFF_FEM_SG+CASE_DEF_ACC	16
NUM	NOUN_NUM+NSUFF_FEM_PL+CASE_DEF_ACC	16
PRON	POSS_PRON_2FS	16
PROPN	DET+NOUN+CASE_DEF_GEN	16
PROPN	NOUN+NSUFF_FEM_SG+CASE_DEF_GEN	16
PUNCT	DET+NOUN+CASE_DEF_GEN	16
ADJ	CONJ	15
ADP	JUS_PART	15
NOUN	NOUN_NUM+CASE_INDEF_GEN	15
NOUN	NOUN_NUM+NSUFF_FEM_SG+CASE_DEF_ACC	15
NUM	NOUN_NUM+NSUFF_FEM_PL+CASE_DEF_NOM	15
NUM	NOUN_NUM+NSUFF_MASC_PL_NOM	15
PROPN	IV3MS+IV+IVSUFF_MOOD:J	15
AUX	IV1P+IV+IVSUFF_MOOD:I	14
NOUN	ADJ+CASE_DEF_ACC	14
NOUN	DET+ADJ+NSUFF_MASC_PL_ACC	14
NOUN	NOUN_NUM	14
PART	EMPHATIC_PART	14
PRON	CONJ	14
VERB	IV2MS+IV_PASS+IVSUFF_MOOD:I	14
VERB	IV3FP+IV+IVSUFF_SUBJ:FP	14
X	ADJ	14
ADJ	NOUN+CASE_DEF_GEN	13
NOUN	ADJ+NSUFF_FEM_SG+CASE_INDEF_NOM	13
NOUN	DET+ADJ_NUM+NSUFF_MASC_PL_GEN	13
NOUN	TyPO	13
PROPN	PV+PVSUFF_SUBJ:3MP	13
PUNCT	DET+ADJ+NSUFF_FEM_SG+CASE_DEF_GEN	13
VERB	IV2MS+IV_PASS+IVSUFF_MOOD:S	13
VERB	IV2MS+IV+IVSUFF_MOOD:J	13
ADJ	DET+NOUN+NSUFF_FEM_SG+CASE_DEF_NOM	12
ADJ	PUNC	12
CCONJ	TyPO	12
NOUN	DET+NOUN_NUM+NSUFF_FEM_PL+CASE_DEF_GEN	12
PRON	NOUN_QUANT+CASE_DEF_GEN	12
PRON	TyPO	12
PROPN	CONJ	12
PROPN	IV1P+IV+IVSUFF_MOOD:S	12
PROPN	IV2MS+IV+IVSUFF_MOOD:S	12
PROPN	PUNC	12
PROPN	PV+PVSUFF_SUBJ:2MS	12
ADJ	DET+ADJ+NSUFF_FEM_DU_NOM	11
ADJ	DET+NOUN_NUM+NSUFF_MASC_PL_GEN	11
ADJ	NOUN+NSUFF_MASC_PL_ACC	11
CCONJ	DET+NOUN+CASE_DEF_GEN	11
NOUN	SUB_CONJ	11
PRON	NOUN+CASE_DEF_ACC	11
VERB	IV2FS+IV+IVSUFF_SUBJ:2FS_MOOD:SJ	11
VERB	TyPO	11
X	NOUN+NSUFF_FEM_SG	11
ADJ	ADJ_NUM+CASE_INDEF_NOM	10
ADJ	DET+NOUN_NUM+CASE_DEF_ACC	10
ADP	PV+PVSUFF_SUBJ:3MS	10
AUX	IV1S+IV+IVSUFF_MOOD:S	10
CCONJ	PSEUDO_VERB	10
NOUN	ADJ+NSUFF_FEM_SG+CASE_DEF_ACC	10
NOUN	NOUN_NUM+CASE_INDEF_ACC	10
NOUN	NOUN_QUANT+NSUFF_FEM_SG+CASE_INDEF_GEN	10
NUM	DET+NOUN_NUM+NSUFF_MASC_PL_GEN	10
NUM	NOUN_NUM+NSUFF_FEM_DU_GEN_POSS	10
NUM	NOUN_NUM+NSUFF_MASC_DU_ACC	10
PRON	REL_PRON+CASE_INDEF_ACC	10
PROPN	NOUN+NSUFF_MASC_PL_NOM_POSS	10
PUNCT	NOUN_PROP	10
VERB	NOUN+CASE_DEF_ACC	10
X	IV2MS+IV+IVSUFF_MOOD:S	10
ADJ	NOUN_NUM+CASE_DEF_GEN	9
NOUN	ADJ+NSUFF_FEM_PL+CASE_INDEF_GEN	9
NOUN	DET+ADJ+NSUFF_MASC_DU_NOM	9
NOUN	DET+NOUN_NUM+NSUFF_FEM_SG+CASE_DEF_GEN	9
NOUN	NOUN_NUM+NSUFF_FEM_SG+CASE_INDEF_GEN	9
NOUN	REL_PRON	9
NUM	NOUN_NUM+NSUFF_FEM_PL+CASE_INDEF_GEN	9
NUM	NOUN_NUM+NSUFF_FEM_PL+CASE_INDEF_NOM	9
PRON	PVSUFF_DO:2MS	9
PROPN	ADJ+NSUFF_MASC_PL_NOM	9
PROPN	DET+ADJ+NSUFF_MASC_DU_ACC_POSS	9
PROPN	DET+NOUN+NSUFF_FEM_PL	9
PROPN	IV2D+IV+IVSUFF_SUBJ:D_MOOD:I	9
PUNCT	NOUN_NUM	9
PUNCT	NOUN+CASE_DEF_GEN	9
VERB	IV2D+IV+IVSUFF_SUBJ:D_MOOD:I	9
VERB	IV2FS+IV+IVSUFF_SUBJ:2FS_MOOD:I	9
VERB	PUNC	9
X	DET+NOUN+NSUFF_FEM_SG	9
ADJ	DET+ADJ+NSUFF_FEM_DU_ACC	8
ADJ	DET+ADJ+NSUFF_MASC_PL_GEN_POSS	8
ADJ	DET+NOUN_NUM+CASE_DEF_NOM	8
ADJ	DET+NOUN+NSUFF_FEM_PL+CASE_DEF_GEN	8
ADJ	NOUN_NUM+CASE_DEF_ACC	8
ADJ	NOUN+CASE_DEF_ACC	8
ADP	POSS_PRON_3MS	8
NOUN	NOUN_NUM+NSUFF_FEM_SG+CASE_INDEF_NOM	8
NOUN	REL_PRON+CASE_DEF_ACC	8
NUM	DET+NOUN_NUM+NSUFF_FEM_SG+CASE_DEF_NOM	8
NUM	NOUN_NUM+NSUFF_FEM_PL+CASE_INDEF_ACC	8
NUM	NOUN_NUM+NSUFF_MASC_DU_ACC_POSS	8
PART	TyPO	8
PRON	NOUN	8
PRON	NOUN+CASE_DEF_NOM	8
PRON	PRON_3FP	8
PROPN	ADJ+NSUFF_MASC_DU_ACC	8
PROPN	ADJ+NSUFF_MASC_PL_ACC_POSS	8
PROPN	DET+ADJ+NSUFF_MASC_DU_ACC	8
PROPN	DET+NOUN+NSUFF_FEM_SG+CASE_DEF_GEN	8
PROPN	IV2FS+IV+IVSUFF_SUBJ:2FS_MOOD:SJ	8
PROPN	NOUN+NSUFF_FEM_DU_NOM_POSS	8
PROPN	NOUN+NSUFF_MASC_DU_ACC	8
PROPN	SUB_CONJ	8
VERB	IV3FD+IV+IVSUFF_SUBJ:D_MOOD:SJ	8
VERB	NOUN	8
VERB	NOUN+CASE_DEF_NOM	8
VERB	PV_PASS+PVSUFF_SUBJ:3FD	8
VERB	PV+PVSUFF_SUBJ:2FS	8
ADJ	ADJ+NSUFF_FEM_PL+CASE_INDEF_GEN	7
ADJ	DET+ADJ_NUM+NSUFF_MASC_PL_ACC	7
ADJ	DET+ADJ+NSUFF_FEM_PL+CASE_DEF_ACC	7
ADJ	DET+ADJ+NSUFF_FEM_PL+CASE_DEF_NOM	7
ADJ	DET+ADJ+NSUFF_MASC_DU_ACC_POSS	7
ADJ	DET+NOUN_PROP+CASE_DEF_GEN	7
ADJ	NOUN_NUM+NSUFF_MASC_DU_GEN	7
ADJ	PREP	7
ADP	ADJ+CASE_INDEF_GEN	7
ADP	NOUN+CASE_INDEF_ACC	7
NOUN	ADJ+NSUFF_MASC_PL_ACC_POSS	7
NOUN	DET+NOUN_QUANT+NSUFF_FEM_SG+CASE_DEF_ACC	7
NUM	DET+NOUN_NUM+CASE_DEF_NOM	7
NUM	PUNC	7
PART	SUB_CONJ	7
PROPN	DET+ADJ+CASE_DEF_GEN	7
PROPN	DET+NOUN+NSUFF_MASC_DU_ACC_POSS	7
PROPN	IV1P+IV_PASS+IVSUFF_MOOD:S	7
PROPN	IV3MS+IV+IVSUFF_MOOD:S	7
PUNCT	DET+NOUN+NSUFF_FEM_SG+CASE_DEF_GEN	7
PUNCT	NOUN+CASE_INDEF_GEN	7
VERB	CV+CVSUFF_SUBJ:2FS	7
VERB	FUT_PART	7
VERB	IV3MP+IV_PASS+IVSUFF_SUBJ:MP_MOOD:SJ	7
VERB	PV_PASS+PVSUFF_SUBJ:1S	7
VERB	SUB_CONJ	7
X	PREP	7
X	PV+PVSUFF_SUBJ:3MP	7
ADJ	DET+NOUN+NSUFF_FEM_SG	6
ADJ	NOUN_NUM+NSUFF_FEM_SG+CASE_DEF_ACC	6
ADJ	NOUN_NUM+NSUFF_FEM_SG+CASE_DEF_GEN	6
ADJ	NOUN_QUANT+CASE_DEF_ACC	6
ADJ	NOUN+CASE_DEF_NOM	6
ADJ	NOUN+NSUFF_FEM_SG+CASE_DEF_GEN	6
ADP	DET+ADJ+NSUFF_FEM_SG+CASE_DEF_GEN	6
ADP	DET+NOUN+NSUFF_FEM_SG+CASE_DEF_GEN	6
ADP	NOUN_PROP	6
ADP	NOUN+CASE_INDEF_GEN	6
ADP	PART	6
ADP	SUB_CONJ	6
AUX	IV1S+IV+IVSUFF_MOOD:I	6
AUX	IV1S+IV+IVSUFF_MOOD:J	6
AUX	IV2MS+IV+IVSUFF_MOOD:I	6
AUX	IV3MD+IV+IVSUFF_SUBJ:D_MOOD:I	6
CCONJ	DET+ADJ+NSUFF_FEM_SG+CASE_DEF_GEN	6
NOUN	ADJ+NSUFF_FEM_DU_GEN	6
NOUN	ADJ+NSUFF_MASC_DU_ACC	6
NOUN	ADJ+NSUFF_MASC_DU_NOM	6
NOUN	DET+ADJ+NSUFF_FEM_PL+CASE_DEF_ACC	6
NOUN	DET+NOUN_NUM+NSUFF_FEM_SG+CASE_DEF_NOM	6
NOUN	NOUN_NUM+NSUFF_FEM_SG+CASE_INDEF_ACC	6
NOUN	POSS_PRON_3MS	6
NOUN	PRON_3MS	6
NOUN	PV+PVSUFF_SUBJ:3FS	6
NOUN	PV+PVSUFF_SUBJ:3MP	6
PRON	CVSUFF_DO:1P	6
PRON	DET+NOUN	6
PRON	NOUN_QUANT+CASE_DEF_NOM	6
PRON	PRON_2FS	6
PRON	PUNC	6
PRON	REL_PRON+CASE_DEF_GEN	6
PROPN	DET+ADJ+CASE_DEF_NOM	6
PROPN	DET+NOUN_PROP+NSUFF_FEM_DU_GEN	6
PROPN	NEG_PART	6
PROPN	NOUN+NSUFF_FEM_SG+CASE_DEF_ACC	6
PUNCT	POSS_PRON_3FS	6
PUNCT	PREP	6
SCONJ	NEG_PART	6
VERB	IV3MD+IV_PASS+IVSUFF_SUBJ:D_MOOD:I	6
VERB	PREP	6
VERB	PV_PASS+PVSUFF_SUBJ:1P	6
X	DET+ADJ+NSUFF_FEM_SG	6
X	NOUN+NSUFF_MASC_DU_NOM_POSS	6
X	PV+PVSUFF_SUBJ:3FS	6
ADJ	DET+NOUN+NSUFF_FEM_SG+CASE_DEF_ACC	5
ADJ	DET+NOUN+NSUFF_MASC_PL_ACC	5
ADJ	NOUN+NSUFF_MASC_DU_NOM_POSS	5
ADJ	NOUN+NSUFF_MASC_PL_GEN	5
ADJ	POSS_PRON_3MS	5
ADP	DET+ADJ+CASE_DEF_ACC	5
ADP	IV3FS+IV+IVSUFF_MOOD:I	5
ADP	IV3MS+IV+IVSUFF_MOOD:I	5
AUX	IV3MP+IV+IVSUFF_SUBJ:MP_MOOD:I	5
AUX	PV+PVSUFF_SUBJ:2MP	5
CCONJ	POSS_PRON_3FS	5
NOUN	ADJ_COMP+CASE_INDEF_GEN	5
NOUN	ADJ_NUM+CASE_DEF_GEN	5
NOUN	ADJ_NUM+NSUFF_MASC_PL_ACC	5
NOUN	ADJ_NUM+NSUFF_MASC_PL_GEN	5
NOUN	DET+ADJ_NUM	5
NOUN	DET+ADJ+NSUFF_FEM_SG	5
NOUN	DET+NOUN_NUM	5
NOUN	IV3FS+IV+IVSUFF_MOOD:I	5
NOUN	NOUN_NUM+NSUFF_FEM_DU_NOM	5
NOUN	NOUN_NUM+NSUFF_FEM_PL+CASE_INDEF_GEN	5
NOUN	NOUN_QUANT+NSUFF_MASC_DU_GEN_POSS	5
NOUN	PRON_3FS	5
NUM	DET+NOUN_NUM+NSUFF_FEM_PL+CASE_DEF_NOM	5
NUM	DET+NOUN_NUM+NSUFF_MASC_PL_ACC	5
NUM	PREP	5
PRON	ABBREV	5
PRON	DET+NOUN+CASE_DEF_GEN	5
PRON	IV3MS+IV+IVSUFF_MOOD:I	5
PRON	NOUN+NSUFF_FEM_SG+CASE_DEF_GEN	5
PRON	SUB_CONJ	5
PROPN	DET+NOUN_PROP+NSUFF_MASC_DU_GEN	5
PROPN	DET+NOUN+NSUFF_MASC_DU_ACC	5
PROPN	IV1P+IV_PASS+IVSUFF_MOOD:J	5
PROPN	IV2MP+IV+IVSUFF_SUBJ:MP_MOOD:SJ	5
PROPN	IV2MS+IV+IVSUFF_MOOD:J	5
PROPN	IV3MD+IV+IVSUFF_SUBJ:D_MOOD:SJ	5
PROPN	NOUN+CASE_DEF_ACC	5
PROPN	NOUN+NSUFF_MASC_PL_ACC_POSS	5
PROPN	POSS_PRON_1S	5
PUNCT	ADJ+CASE_INDEF_GEN	5
PUNCT	CONJ	5
PUNCT	POSS_PRON_3MP	5
SCONJ	PUNC	5
X	CONJ	5
X	DET+ADJ	5
ADJ	ADJ+NSUFF_MASC_DU_ACC_POSS	4
ADJ	DET+NOUN_NUM	4
ADJ	DET+NOUN_PROP	4
ADJ	DET+NOUN+NSUFF_FEM_PL+CASE_DEF_ACC	4
ADJ	DET+NOUN+NSUFF_MASC_DU_ACC	4
ADJ	DET+NOUN+NSUFF_MASC_DU_ACC_POSS	4
ADJ	NOUN+NSUFF_MASC_DU_ACC	4
ADJ	NOUN+NSUFF_MASC_PL_NOM	4
ADP	ADJ+CASE_INDEF_ACC	4
ADP	ADJ+NSUFF_FEM_SG+CASE_INDEF_ACC	4
ADP	DET+NOUN+NSUFF_FEM_SG+CASE_DEF_ACC	4
ADP	POSS_PRON_3FS	4
ADP	PV+PVSUFF_SUBJ:3FS	4
ADP	PV+PVSUFF_SUBJ:3MP	4
ADV	ABBREV	4
ADV	DET+NOUN_PROP+CASE_DEF_NOM	4
AUX	IV2MS+IV+IVSUFF_MOOD:S	4
AUX	IV3MD+IV+IVSUFF_SUBJ:D_MOOD:SJ	4
AUX	PV+PVSUFF_SUBJ:3FD	4
CCONJ	DET+NOUN+CASE_DEF_ACC	4
CCONJ	NOUN+NSUFF_MASC_DU_ACC	4
DET	CONJ	4
NOUN	ADJ+NSUFF_FEM_PL+CASE_DEF_NOM	4
NOUN	DET+ADJ+NSUFF_FEM_PL+CASE_DEF_NOM	4
NOUN	DET+NOUN_NUM+CASE_DEF_GEN	4
NOUN	IV3FS+IV+IVSUFF_MOOD:S	4
NOUN	POSS_PRON_2MP	4
NOUN	PSEUDO_VERB	4
NUM	CONJ	4
NUM	DET+NOUN_NUM+NSUFF_FEM_PL+CASE_DEF_ACC	4
NUM	DET+NOUN_NUM+NSUFF_FEM_PL+CASE_DEF_GEN	4
NUM	NOUN+CASE_DEF_ACC	4
NUM	NOUN+CASE_INDEF_GEN	4
PART	NOUN	4
PART	PUNC	4
PRON	NOUN_PROP	4
PRON	PVSUFF_DO:2MP	4
PROPN	ADJ+NSUFF_FEM_DU_NOM	4
PROPN	DET+NOUN_NUM	4
PROPN	DET+NOUN_PROP+NSUFF_FEM_DU_NOM	4
PROPN	DET+NOUN+CASE_DEF_NOM	4
PROPN	IV1S+IV+IVSUFF_MOOD:I	4
PROPN	NOUN+NSUFF_FEM_DU_ACC_POSS	4
PROPN	NOUN+NSUFF_FEM_SG+CASE_DEF_NOM	4
PROPN	PV+PVSUFF_SUBJ:2FP	4
PUNCT	ADJ+NSUFF_FEM_SG+CASE_INDEF_GEN	4
PUNCT	DET+ADJ+CASE_DEF_GEN	4
PUNCT	DET+NOUN_PROP+CASE_DEF_GEN	4
PUNCT	DET+NOUN+CASE_DEF_ACC	4
PUNCT	NOUN_PROP+CASE_INDEF_GEN	4
VERB	ABBREV	4
VERB	DET+NOUN+CASE_DEF_ACC	4
VERB	NOUN+CASE_DEF_GEN	4
VERB	PV_PASS+PVSUFF_SUBJ:3FP	4
VERB	VERB_PART	4
X	ADJ+NSUFF_MASC_DU_ACC_POSS	4
X	DET+ABBREV	4
X	DET+ADJ+NSUFF_MASC_DU_ACC	4
X	IV3MD+IV+IVSUFF_SUBJ:D_MOOD:SJ	4
X	PV+PVSUFF_SUBJ:3FP	4
ADJ	ADJ_NUM+NSUFF_FEM_DU_GEN	3
ADJ	ADJ_NUM+NSUFF_FEM_SG+CASE_DEF_GEN	3
ADJ	ADJ+NSUFF_MASC_DU_GEN_POSS	3
ADJ	ADJ+NSUFF_MASC_PL_ACC_POSS	3
ADJ	DET+ADJ_NUM+NSUFF_MASC_PL_NOM	3
ADJ	IV3MS+IV+IVSUFF_MOOD:I	3
ADJ	NOUN+NSUFF_FEM_SG	3
ADJ	NOUN+NSUFF_FEM_SG+CASE_DEF_ACC	3
ADJ	PV+PVSUFF_SUBJ:3MD	3
ADP	DET+NOUN+CASE_DEF_NOM	3
ADP	DET+NOUN+NSUFF_FEM_PL+CASE_DEF_GEN	3
ADP	IV1P+IV+IVSUFF_MOOD:I	3
ADP	RESTRIC_PART	3
ADV	DET+NOUN+NSUFF_FEM_SG+CASE_DEF_ACC	3
ADV	PREP	3
ADV	PUNC	3
AUX	IV1P+IV+IVSUFF_MOOD:J	3
AUX	PV+PVSUFF_SUBJ:2FS	3
CCONJ	DET+ADJ+CASE_DEF_GEN	3
CCONJ	DET+NOUN+NSUFF_FEM_PL+CASE_DEF_GEN	3
CCONJ	DET+NOUN+NSUFF_FEM_SG+CASE_DEF_GEN	3
CCONJ	IV1P+IV+IVSUFF_MOOD:I	3
CCONJ	NOUN_PROP+CASE_INDEF_GEN	3
CCONJ	POSS_PRON_3MP	3
CCONJ	PV+PVSUFF_SUBJ:3MS	3
DET	NOUN+CASE_DEF_GEN	3
DET	PREP	3
DET	PUNC	3
NOUN	ADJ+NSUFF_MASC_DU_GEN	3
NOUN	ADJ+NSUFF_MASC_PL_NOM_POSS	3
NOUN	DEM_PRON_F	3
NOUN	DET+ADJ_COMP+NSUFF_MASC_DU_ACC	3
NOUN	DET+ADJ_NUM+NSUFF_FEM_SG+CASE_DEF_ACC	3
NOUN	DET+ADJ+NSUFF_FEM_DU_GEN	3
NOUN	DET+ADJ+NSUFF_MASC_DU_GEN	3
NOUN	DET+NOUN_NUM+CASE_DEF_ACC	3
NOUN	DET+NOUN_NUM+CASE_DEF_NOM	3
NOUN	DET+NOUN_QUANT+NSUFF_FEM_SG+CASE_DEF_NOM	3
NOUN	IV3MS+IV+IVSUFF_MOOD:S	3
NOUN	IVSUFF_DO:3MS	3
NOUN	NOUN_NUM+NSUFF_FEM_PL+CASE_DEF_GEN	3
NOUN	NOUN_NUM+NSUFF_MASC_DU_NOM	3
NOUN	NOUN_NUM+NSUFF_MASC_PL_GEN	3
NOUN	PVSUFF_DO:3MS	3
NUM	DET+NOUN_NUM+CASE_DEF_ACC	3
NUM	NOUN_NUM+NSUFF_FEM_DU_ACC	3
PRON	NEG_PART	3
PRON	PV+PVSUFF_SUBJ:3FS	3
PRON	PV+PVSUFF_SUBJ:3MS	3
PROPN	ADJ+CASE_INDEF_ACC	3
PROPN	DET+ADJ+NSUFF_MASC_DU_NOM	3
PROPN	DET+ADJ+NSUFF_MASC_DU_NOM_POSS	3
PROPN	DET+FOREIGN	3
PROPN	DET+NOUN_PROP+NSUFF_MASC_PL_GEN	3
PROPN	DET+NOUN+NSUFF_FEM_DU_ACC	3
PROPN	DET+NOUN+NSUFF_MASC_DU_NOM	3
PROPN	DET+NOUN+NSUFF_MASC_DU_NOM_POSS	3
PROPN	DET+NOUN+NSUFF_MASC_PL_GEN	3
PROPN	IV1P+IV+IVSUFF_MOOD:J	3
PROPN	IV3FP+IV+IVSUFF_SUBJ:FP	3
PROPN	NOUN_PROP+NSUFF_FEM_SG+CASE_INDEF_GEN	3
PROPN	NOUN+CASE_DEF_NOM	3
PROPN	PRON_3FS	3
PUNCT	DET+NOUN_PROP	3
PUNCT	NOUN+CASE_INDEF_ACC	3
SCONJ	VERB	3
VERB	IV1P+IV_PASS+IVSUFF_MOOD:I	3
VERB	NOUN+NSUFF_FEM_SG+CASE_INDEF_GEN	3
X	IV1P+IV+IVSUFF_MOOD:S	3
X	IV3MS+IV+IVSUFF_MOOD:J	3
X	NOUN+CASE_INDEF_ACC	3
X	PV+PVSUFF_SUBJ:3MD	3
X	SUB_CONJ	3
ADJ	ADJ_NUM+NSUFF_FEM_SG+CASE_DEF_NOM	2
ADJ	ADJ_NUM+NSUFF_MASC_PL_ACC	2
ADJ	ADJ_NUM+NSUFF_MASC_PL_GEN	2
ADJ	ADJ+NSUFF_FEM_PL+CASE_DEF_GEN	2
ADJ	ADJ+NSUFF_MASC_PL_NOM_POSS	2
ADJ	DET+ADJ_NUM+NSUFF_FEM_PL+CASE_DEF_NOM	2
ADJ	DET+ADJ_NUM+NSUFF_FEM_SG	2
ADJ	DET+NOUN_NUM+NSUFF_MASC_PL_ACC	2
ADJ	DET+NOUN+NSUFF_MASC_DU_NOM	2
ADJ	DET+NOUN+NSUFF_MASC_PL_NOM	2
ADJ	IV1S+IV+IVSUFF_MOOD:S	2
ADJ	NOUN_NUM+NSUFF_FEM_PL+CASE_DEF_GEN	2
ADJ	NOUN_NUM+NSUFF_FEM_PL+CASE_DEF_NOM	2
ADJ	NOUN_NUM+NSUFF_MASC_PL_GEN	2
ADJ	NOUN_QUANT+CASE_DEF_NOM	2
ADJ	NOUN+NSUFF_FEM_SG+CASE_DEF_NOM	2
ADJ	NOUN+NSUFF_MASC_DU_ACC_POSS	2
ADJ	NOUN+NSUFF_MASC_PL_GEN_POSS	2
ADJ	POSS_PRON_1P	2
ADJ	POSS_PRON_3FS	2
ADJ	POSS_PRON_3MP	2
ADJ	TyPO	2
ADP	DET+ADJ_NUM+CASE_DEF_NOM	2
ADP	DET+ADJ+CASE_DEF_GEN	2
ADP	DET+ADJ+NSUFF_FEM_SG+CASE_DEF_ACC	2
ADP	DET+NOUN_PROP+CASE_DEF_GEN	2
ADP	DET+NOUN+NSUFF_FEM_PL+CASE_DEF_ACC	2
ADP	DET+NOUN+NSUFF_FEM_SG+CASE_DEF_NOM	2
ADP	EMPHATIC_PART	2
ADP	IV3MS+IV_PASS+IVSUFF_MOOD:I	2
ADP	IVSUFF_DO:3MS	2
ADP	POSS_PRON_3MP	2
ADP	PRON_3MS	2
ADP	PVSUFF_DO:3MS	2
ADV	ADJ+CASE_INDEF_NOM	2
ADV	DET+NOUN_PROP+CASE_DEF_GEN	2
ADV	NOUN_PROP+CASE_INDEF_ACC	2
AUX	IV2MP+IV+IVSUFF_SUBJ:MP_MOOD:I	2
AUX	NOUN+CASE_INDEF_GEN	2
AUX	PART	2
AUX	PRON_3FS	2
AUX	PV+PVSUFF_SUBJ:2MS	2
AUX	PV+PVSUFF_SUBJ:3FP	2
CCONJ	ADJ+CASE_INDEF_ACC	2
CCONJ	ADJ+CASE_INDEF_GEN	2
CCONJ	ADJ+NSUFF_FEM_SG+CASE_INDEF_GEN	2
CCONJ	DET+ADJ+NSUFF_FEM_SG+CASE_DEF_ACC	2
CCONJ	NOUN_PROP	2
CCONJ	NOUN+CASE_DEF_ACC	2
DET	ABBREV	2
DET	PV+PVSUFF_SUBJ:3FS	2
NOUN	ADJ_COMP+CASE_DEF_ACC	2
NOUN	ADJ_COMP+CASE_DEF_GEN	2
NOUN	ADJ_NUM+NSUFF_FEM_SG+CASE_DEF_NOM	2
NOUN	ADJ+NSUFF_FEM_PL	2
NOUN	ADJ+NSUFF_FEM_PL+CASE_DEF_ACC	2
NOUN	ADJ+NSUFF_FEM_PL+CASE_INDEF_ACC	2
NOUN	ADJ+NSUFF_MASC_DU_ACC_POSS	2
NOUN	ADJ+NSUFF_MASC_DU_NOM_POSS	2
NOUN	DEM_PRON_P	2
NOUN	DET+ADJ_NUM+NSUFF_FEM_SG+CASE_DEF_GEN	2
NOUN	DET+ADJ+NSUFF_FEM_PL	2
NOUN	DET+NOUN_NUM+NSUFF_FEM_SG+CASE_DEF_ACC	2
NOUN	DET+NOUN_NUM+NSUFF_MASC_PL_ACC	2
NOUN	DET+NOUN_PROP	2
NOUN	DET+NOUN_PROP+NSUFF_FEM_SG	2
NOUN	DET+NOUN_PROP+NSUFF_FEM_SG+CASE_DEF_GEN	2
NOUN	DET+NOUN_PROP+NSUFF_MASC_PL_ACC	2
NOUN	DET+NOUN_PROP+NSUFF_MASC_PL_GEN	2
NOUN	DET+NOUN+NSUFF_MASC_DU_ACC_POSS	2
NOUN	FOREIGN	2
NOUN	IV2FP+IV+IVSUFF_SUBJ:FP	2
NOUN	NOUN_NUM+NSUFF_FEM_PL+CASE_DEF_ACC	2
NOUN	NOUN_NUM+NSUFF_FEM_PL+CASE_DEF_NOM	2
NOUN	NOUN_NUM+NSUFF_FEM_PL+CASE_INDEF_ACC	2
NOUN	NOUN_NUM+NSUFF_FEM_SG+CASE_DEF_NOM	2
NOUN	NOUN_NUM+NSUFF_MASC_PL_ACC	2
NOUN	NOUN_PROP+CASE_DEF_NOM	2
NOUN	NOUN_QUANT+NSUFF_MASC_DU_ACC_POSS	2
NOUN	NOUN_QUANT+NSUFF_MASC_DU_NOM_POSS	2
NOUN	POSS_PRON_3FS	2
NOUN	PV_PASS+PVSUFF_SUBJ:3FS	2
NOUN	PV+PVSUFF_SUBJ:3MD	2
NUM	ADJ+CASE_DEF_GEN	2
NUM	DET+NOUN_NUM+NSUFF_MASC_DU_GEN	2
NUM	DET+NOUN_NUM+NSUFF_MASC_DU_NOM	2
NUM	NOUN_NUM+NSUFF_FEM_DU_NOM	2
NUM	NOUN_NUM+NSUFF_MASC_DU_NOM_POSS	2
PART	ADV	2
PART	DET+NOUN+CASE_DEF_GEN	2
PART	PRON_3FS	2
PRON	ADJ	2
PRON	CONNEC_PART	2
PRON	CVSUFF_DO:3MS	2
PRON	DET+ADJ+CASE_DEF_GEN	2
PRON	IV1S+IV+IVSUFF_MOOD:I	2
PRON	IV3MS+IV+IVSUFF_MOOD:S	2
PRON	NOUN+NSUFF_FEM_SG+CASE_DEF_ACC	2
PRON	NOUN+NSUFF_MASC_PL_GEN	2
PRON	POSS_PRON_2FP	2
PROPN	ADJ_NUM+CASE_INDEF_ACC	2
PROPN	ADJ+CASE_INDEF_GEN	2
PROPN	ADJ+NSUFF_FEM_DU_ACC_POSS	2
PROPN	DET+ABBREV	2
PROPN	DET+ADJ+NSUFF_FEM_SG+CASE_DEF_GEN	2
PROPN	DET+ADJ+NSUFF_FEM_SG+CASE_DEF_NOM	2
PROPN	IV1P+IV+IVSUFF_MOOD:I	2
PROPN	NOUN+NSUFF_FEM_PL	2
PUNCT	ADV	2
PUNCT	DET+ADJ+NSUFF_FEM_SG+CASE_DEF_NOM	2
PUNCT	DET+NOUN_QUANT+CASE_DEF_GEN	2
PUNCT	DET+NOUN+CASE_DEF_NOM	2
PUNCT	DET+NOUN+NSUFF_FEM_PL+CASE_DEF_GEN	2
PUNCT	POSS_PRON_3MS	2
PUNCT	PRON_3FS	2
PUNCT	PRON_3MS	2
PUNCT	PV+PVSUFF_SUBJ:3MS	2
SCONJ	ADJ+CASE_INDEF_GEN	2
SCONJ	ADJ+CASE_INDEF_NOM	2
SCONJ	IV1P+IV+IVSUFF_MOOD:I	2
VERB	ADJ+CASE_INDEF_GEN	2
VERB	ADJ+NSUFF_FEM_SG	2
VERB	ADJ+NSUFF_FEM_SG+CASE_INDEF_GEN	2
VERB	DET+ADJ+CASE_DEF_GEN	2
VERB	DET+NOUN+CASE_DEF_NOM	2
VERB	IV1S+IV_PASS+IVSUFF_MOOD:I	2
VERB	IV2D+IV+IVSUFF_SUBJ:D_MOOD:SJ	2
VERB	IV2FP+IV+IVSUFF_SUBJ:FP	2
VERB	IV2MS+IV_PASS+IVSUFF_MOOD:J	2
VERB	IV3MD+IV_PASS+IVSUFF_SUBJ:D_MOOD:SJ	2
VERB	NOUN+NSUFF_FEM_SG+CASE_DEF_GEN	2
VERB	POSS_PRON_1S	2
VERB	PSEUDO_VERB	2
VERB	PV	2
VERB	REL_ADV	2
X	ADJ_COMP	2
X	ADJ+NSUFF_MASC_DU_ACC	2
X	ADJ+NSUFF_MASC_PL_NOM_POSS	2
X	ADV	2
X	CV+CVSUFF_SUBJ:2MP	2
X	DEM_PRON_MS	2
X	DET+NOUN+NSUFF_MASC_DU_ACC	2
X	IV2FS+IV+IVSUFF_SUBJ:2FS_MOOD:SJ	2
X	IV3MS+IV_PASS+IVSUFF_MOOD:I	2
X	NEG_PART	2
X	PART	2
X	PV+PVSUFF_SUBJ:1P	2
ADJ	ADJ_COMP+NSUFF_FEM_SG+CASE_INDEF_NOM	1
ADJ	ADJ+NSUFF_FEM_DU_NOM_POSS	1
ADJ	ADJ+NSUFF_FEM_PL+CASE_DEF_NOM	1
ADJ	ADJ+NSUFF_FEM_PL+CASE_INDEF_ACC	1
ADJ	ADJ+NSUFF_FEM_PL+CASE_INDEF_NOM	1
ADJ	DET+ABBREV	1
ADJ	DET+ADJ_COMP+NSUFF_MASC_DU_ACC	1
ADJ	DET+ADJ_COMP+NSUFF_MASC_DU_GEN	1
ADJ	DET+ADJ_COMP+NSUFF_MASC_PL_GEN	1
ADJ	DET+ADJ_NUM+NSUFF_FEM_PL+CASE_DEF_GEN	1
ADJ	DET+ADJ_NUM+NSUFF_MASC_DU_ACC	1
ADJ	DET+ADJ_NUM+NSUFF_MASC_DU_GEN	1
ADJ	DET+ADJ_NUM+NSUFF_MASC_DU_NOM	1
ADJ	DET+ADJ+NSUFF_MASC_PL_ACC_POSS	1
ADJ	DET+NOUN_NUM+NSUFF_FEM_DU_ACC_POSS	1
ADJ	DET+NOUN_NUM+NSUFF_MASC_DU_ACC	1
ADJ	DET+NOUN_PROP+CASE_DEF_NOM	1
ADJ	DET+NOUN_PROP+NSUFF_FEM_SG+CASE_DEF_GEN	1
ADJ	DET+NOUN+NSUFF_FEM_PL+CASE_DEF_NOM	1
ADJ	DET+NOUN+NSUFF_MASC_DU_GEN	1
ADJ	IV1P+IV+IVSUFF_MOOD:S	1
ADJ	IV1S+IV+IVSUFF_MOOD:I	1
ADJ	NOUN_NUM+NSUFF_FEM_DU_GEN	1
ADJ	NOUN_NUM+NSUFF_FEM_PL+CASE_INDEF_GEN	1
ADJ	NOUN_NUM+NSUFF_MASC_DU_ACC	1
ADJ	NOUN_NUM+NSUFF_MASC_DU_NOM_POSS	1
ADJ	NOUN_QUANT+CASE_INDEF_ACC	1
ADJ	NOUN_QUANT+NSUFF_FEM_SG+CASE_INDEF_GEN	1
ADJ	NOUN+NSUFF_FEM_DU_ACC	1
ADJ	NOUN+NSUFF_FEM_PL+CASE_DEF_GEN	1
ADJ	NOUN+NSUFF_FEM_PL+CASE_INDEF_GEN	1
ADJ	NOUN+NSUFF_MASC_PL_ACC_POSS	1
ADJ	POSS_PRON_1S	1
ADJ	PRON_3MP	1
ADJ	PV+PVSUFF_SUBJ:3FS	1
ADJ	PV+PVSUFF_SUBJ:3MP	1
ADJ	PV+PVSUFF_SUBJ:3MS	1
ADJ	REL_PRON	1
ADP	ABBREV	1
ADP	ADJ	1
ADP	ADJ_COMP+CASE_DEF_NOM	1
ADP	ADJ+CASE_DEF_GEN	1
ADP	ADJ+NSUFF_FEM_DU_NOM	1
ADP	ADJ+NSUFF_FEM_SG+CASE_INDEF_GEN	1
ADP	ADJ+NSUFF_FEM_SG+CASE_INDEF_NOM	1
ADP	ADJ+NSUFF_MASC_PL_ACC	1
ADP	ADJ+NSUFF_MASC_PL_GEN	1
ADP	CONNEC_PART	1
ADP	DEM_PRON_MS	1
ADP	DET+ADJ_NUM+CASE_DEF_ACC	1
ADP	DET+ADJ_NUM+CASE_DEF_GEN	1
ADP	DET+ADJ+NSUFF_MASC_DU_ACC	1
ADP	DET+NOUN_QUANT+CASE_DEF_ACC	1
ADP	DET+NOUN+CASE_DEF_ACC	1
ADP	DET+NOUN+NSUFF_MASC_PL_ACC	1
ADP	DET+NOUN+NSUFF_MASC_PL_GEN	1
ADP	DET+NOUN+NSUFF_MASC_PL_NOM	1
ADP	IV1S+IV+IVSUFF_MOOD:I	1
ADP	IV1S+IV+IVSUFF_MOOD:J	1
ADP	IV3FS+IV+IVSUFF_MOOD:J	1
ADP	IV3MP+IV+IVSUFF_SUBJ:MP_MOOD:I	1
ADP	IV3MS+IV+IVSUFF_MOOD:S	1
ADP	IVSUFF_DO:3MP	1
ADP	NEG_PART	1
ADP	NOUN	1
ADP	NOUN_NUM	1
ADP	NOUN_PROP+CASE_DEF_ACC	1
ADP	NOUN_PROP+CASE_INDEF_GEN	1
ADP	NOUN_PROP+NSUFF_FEM_SG	1
ADP	NOUN_QUANT+CASE_INDEF_ACC	1
ADP	NOUN+CASE_DEF_NOM	1
ADP	NOUN+CASE_INDEF_NOM	1
ADP	NOUN+NSUFF_FEM_PL+CASE_DEF_GEN	1
ADP	NOUN+NSUFF_FEM_SG+CASE_INDEF_ACC	1
ADP	NOUN+NSUFF_FEM_SG+CASE_INDEF_GEN	1
ADP	NOUN+NSUFF_FEM_SG+CASE_INDEF_NOM	1
ADP	NOUN+NSUFF_MASC_PL_GEN	1
ADP	NOUN+NSUFF_MASC_PL_GEN_POSS	1
ADP	POSS_PRON_1S	1
ADP	POSS_PRON_2FS	1
ADP	POSS_PRON_2MP	1
ADP	POSS_PRON_3D	1
ADP	PRON_1P	1
ADP	PRON_1S	1
ADP	PV+PVSUFF_SUBJ:1P	1
ADP	PV+PVSUFF_SUBJ:3FP	1
ADP	REL_PRON	1
ADP	VERB	1
ADV	DEM_PRON	1
ADV	EMPHATIC_PART	1
ADV	NOUN_NUM	1
ADV	NOUN_PROP+CASE_DEF_NOM	1
ADV	NOUN_PROP+CASE_INDEF_NOM	1
ADV	PV+PVSUFF_SUBJ:3FS	1
ADV	PV+PVSUFF_SUBJ:3MP	1
ADV	RC_PART	1
ADV	REL_PRON	1
AUX	ABBREV	1
AUX	CV+CVSUFF_SUBJ:2FS	1
AUX	DEM_PRON_MS	1
AUX	DET+ADJ_NUM	1
AUX	DET+ADJ+NSUFF_FEM_SG+CASE_DEF_ACC	1
AUX	DET+ADJ+NSUFF_FEM_SG+CASE_DEF_GEN	1
AUX	DET+NOUN+CASE_DEF_GEN	1
AUX	DET+NOUN+CASE_DEF_NOM	1
AUX	DET+NOUN+NSUFF_FEM_SG+CASE_DEF_ACC	1
AUX	DET+NOUN+NSUFF_MASC_PL_GEN	1
AUX	IV2MP+IV+IVSUFF_SUBJ:MP_MOOD:SJ	1
AUX	IV2MS+IV+IVSUFF_MOOD:J	1
AUX	IV3FD+IV+IVSUFF_SUBJ:D_MOOD:I	1
AUX	IV3FD+IV+IVSUFF_SUBJ:D_MOOD:SJ	1
AUX	NOUN_PROP	1
AUX	NOUN_PROP+CASE_INDEF_GEN	1
AUX	NOUN_QUANT+CASE_INDEF_ACC	1
CCONJ	ADJ_COMP	1
CCONJ	ADJ+CASE_INDEF_NOM	1
CCONJ	ADJ+NSUFF_FEM_SG+CASE_INDEF_ACC	1
CCONJ	ADV	1
CCONJ	CV+CVSUFF_SUBJ:2MP	1
CCONJ	DET+NOUN+NSUFF_FEM_SG+CASE_DEF_ACC	1
CCONJ	DET+NOUN+NSUFF_FEM_SG+CASE_DEF_NOM	1
CCONJ	DET+NOUN+NSUFF_MASC_PL_GEN	1
CCONJ	NOUN	1
CCONJ	NOUN_NUM	1
CCONJ	NOUN_NUM+CASE_DEF_GEN	1
CCONJ	NOUN_NUM+NSUFF_FEM_SG+CASE_INDEF_NOM	1
CCONJ	NOUN_PROP+CASE_DEF_ACC	1
CCONJ	NOUN_PROP+CASE_DEF_NOM	1
CCONJ	NOUN+CASE_DEF_GEN	1
CCONJ	NOUN+CASE_DEF_NOM	1
CCONJ	NOUN+CASE_INDEF_ACC	1
CCONJ	NOUN+CASE_INDEF_GEN	1
CCONJ	NOUN+NSUFF_FEM_SG+CASE_INDEF_ACC	1
CCONJ	NOUN+NSUFF_FEM_SG+CASE_INDEF_GEN	1
CCONJ	NOUN+NSUFF_MASC_PL_NOM	1
CCONJ	PART	1
CCONJ	POSS_PRON_2MP	1
CCONJ	POSS_PRON_3MS	1
CCONJ	PRON_3FS	1
CCONJ	PV+PVSUFF_SUBJ:3MD	1
CCONJ	PV+PVSUFF_SUBJ:3MP	1
DET	ADJ+NSUFF_FEM_SG	1
DET	DEM_PRON_FS	1
DET	DET+NOUN_PROP+CASE_DEF_NOM	1
DET	DET+NOUN+NSUFF_FEM_PL+CASE_DEF_GEN	1
DET	IV3MS+IV+IVSUFF_MOOD:I	1
DET	IV3MS+IV+IVSUFF_MOOD:J	1
DET	NOUN_NUM+NSUFF_FEM_SG+CASE_INDEF_NOM	1
DET	PV+PVSUFF_SUBJ:3MS	1
DET	TyPO	1
INTJ	DEM_PRON	1
INTJ	NOUN	1
INTJ	NOUN+CASE_INDEF_GEN	1
NOUN	ABBREV	1
NOUN	ADJ_COMP+CASE_INDEF_ACC	1
NOUN	ADJ_NUM+CASE_DEF_ACC	1
NOUN	ADJ_NUM+CASE_INDEF_NOM	1
NOUN	ADJ_NUM+NSUFF_FEM_SG+CASE_DEF_GEN	1
NOUN	ADJ_NUM+NSUFF_FEM_SG+CASE_INDEF_ACC	1
NOUN	ADJ+NSUFF_FEM_DU_NOM	1
NOUN	ADJ+NSUFF_FEM_PL+CASE_INDEF_NOM	1
NOUN	ADV	1
NOUN	CONNEC_PART	1
NOUN	CVSUFF_DO:3MS	1
NOUN	DET+ADJ_COMP+CASE_DEF_NOM	1
NOUN	DET+NOUN_NUM+NSUFF_FEM_DU_NOM	1
NOUN	DET+NOUN_NUM+NSUFF_FEM_PL+CASE_DEF_ACC	1
NOUN	DET+NOUN_NUM+NSUFF_FEM_PL+CASE_DEF_NOM	1
NOUN	DET+NOUN_NUM+NSUFF_MASC_DU_NOM	1
NOUN	DET+NOUN_PROP+CASE_DEF_GEN	1
NOUN	DET+NOUN_PROP+CASE_DEF_NOM	1
NOUN	DET+NOUN_PROP+NSUFF_MASC_PL_NOM	1
NOUN	DET+NOUN+NSUFF_MASC_DU_NOM_POSS	1
NOUN	DET+NOUN+NSUFF_MASC_PL_GEN_POSS	1
NOUN	FUT_PART	1
NOUN	INTERJ	1
NOUN	IV1P+IV+IVSUFF_MOOD:S	1
NOUN	IV1S+IV+IVSUFF_MOOD:I	1
NOUN	IV1S+IV+IVSUFF_MOOD:J	1
NOUN	IV1S+IV+IVSUFF_MOOD:S	1
NOUN	IV2FS+IV+IVSUFF_SUBJ:2FS_MOOD:SJ	1
NOUN	IV2MS+IV+IVSUFF_MOOD:J	1
NOUN	IV2MS+IV+IVSUFF_MOOD:S	1
NOUN	IV3MP+IV+IVSUFF_SUBJ:MP_MOOD:I	1
NOUN	IV3MS+IV+IVSUFF_MOOD:J	1
NOUN	NOUN_NUM+NSUFF_FEM_DU_GEN	1
NOUN	NOUN_NUM+NSUFF_FEM_DU_GEN_POSS	1
NOUN	NOUN_NUM+NSUFF_FEM_PL+CASE_INDEF_NOM	1
NOUN	NOUN_NUM+NSUFF_MASC_DU_ACC	1
NOUN	NOUN_NUM+NSUFF_MASC_DU_ACC_POSS	1
NOUN	NOUN_NUM+NSUFF_MASC_PL_NOM	1
NOUN	NOUN_PROP+CASE_DEF_ACC	1
NOUN	NOUN_PROP+CASE_DEF_GEN	1
NOUN	NOUN_PROP+NSUFF_FEM_SG	1
NOUN	NOUN_QUANT+NSUFF_MASC_DU_GEN	1
NOUN	POSS_PRON_1P	1
NOUN	PRON_1S	1
NOUN	PRON_3MP	1
NOUN	PV+PVSUFF_SUBJ:1P	1
NOUN	PV+PVSUFF_SUBJ:1S	1
NOUN	PVSUFF_DO:3FS	1
NOUN	VERB_PART	1
NUM	ABBREV	1
NUM	DET	1
NUM	DET+NOUN_NUM+NSUFF_FEM_DU_ACC	1
NUM	DET+NOUN_NUM+NSUFF_FEM_DU_GEN_POSS	1
NUM	DET+NOUN_NUM+NSUFF_MASC_DU_ACC	1
NUM	DET+NOUN_NUM+NSUFF_MASC_DU_GEN_POSS	1
NUM	DET+NOUN_NUM+NSUFF_MASC_PL_NOM	1
NUM	DET+NOUN_PROP+CASE_DEF_GEN	1
NUM	IV3MS+IV+IVSUFF_MOOD:S	1
NUM	NOUN_NUM+NSUFF_FEM_DU_GEN	1
NUM	NOUN_NUM+NSUFF_MASC_PL_ACC_POSS	1
NUM	NOUN_PROP	1
NUM	NOUN_QUANT+CASE_DEF_NOM	1
NUM	NOUN+NSUFF_FEM_SG+CASE_INDEF_GEN	1
NUM	NUMERIC_COMMA	1
NUM	POSS_PRON_3D	1
NUM	POSS_PRON_3MS	1
NUM	PRON_3FS	1
NUM	PRON_3MS	1
NUM	PV+PVSUFF_SUBJ:3MS	1
PART	ADJ+CASE_INDEF_ACC	1
PART	NOUN_PROP+CASE_DEF_GEN	1
PART	NOUN_QUANT+CASE_DEF_GEN	1
PART	NOUN+CASE_INDEF_GEN	1
PART	NOUN+NSUFF_MASC_PL_NOM	1
PART	POSS_PRON_3MS	1
PART	PRON_3MP	1
PRON	ADJ+CASE_DEF_GEN	1
PRON	ADJ+NSUFF_FEM_SG+CASE_INDEF_ACC	1
PRON	ADJ+NSUFF_MASC_DU_ACC	1
PRON	CVSUFF_DO:1S	1
PRON	DEM_PRON_MS	1
PRON	DET+ADJ_NUM+CASE_DEF_GEN	1
PRON	DET+ADJ+NSUFF_FEM_SG+CASE_DEF_GEN	1
PRON	DET+NOUN_PROP	1
PRON	DET+NOUN+NSUFF_FEM_SG+CASE_DEF_GEN	1
PRON	IV1P+IV+IVSUFF_MOOD:I	1
PRON	IV3FS+IV+IVSUFF_MOOD:I	1
PRON	IV3MP+IV+IVSUFF_SUBJ:MP_MOOD:SJ	1
PRON	IVSUFF_DO:2FS	1
PRON	NOUN_NUM	1
PRON	NOUN_QUANT+CASE_INDEF_ACC	1
PRON	NOUN_QUANT+NSUFF_FEM_SG+CASE_DEF_GEN	1
PRON	NOUN+CASE_INDEF_GEN	1
PRON	NOUN+NSUFF_FEM_PL+CASE_DEF_ACC	1
PRON	NOUN+NSUFF_FEM_PL+CASE_DEF_GEN	1
PRON	NOUN+NSUFF_FEM_PL+CASE_DEF_NOM	1
PRON	NOUN+NSUFF_FEM_SG+CASE_DEF_NOM	1
PRON	NOUN+NSUFF_MASC_DU_NOM_POSS	1
PRON	POSS_PRON_2D	1
PRON	PRON_2FP	1
PRON	PSEUDO_VERB	1
PRON	PV+PVSUFF_SUBJ:3MP	1
PRON	PVSUFF_DO:2FS	1
PRON	REL_PRON+CASE_DEF_ACC	1
PRON	REL_PRON+CASE_DEF_NOM	1
PRON	REL_PRON+NSUFF_FEM_SG+CASE_DEF_GEN	1
PROPN	ADJ_COMP+NSUFF_MASC_DU_ACC_POSS	1
PROPN	ADJ+CASE_DEF_ACC	1
PROPN	ADJ+CASE_DEF_GEN	1
PROPN	ADJ+NSUFF_FEM_DU_NOM_POSS	1
PROPN	ADJ+NSUFF_FEM_PL	1
PROPN	ADJ+NSUFF_FEM_SG+CASE_INDEF_ACC	1
PROPN	ADJ+NSUFF_FEM_SG+CASE_INDEF_NOM	1
PROPN	ADJ+NSUFF_MASC_PL_ACC	1
PROPN	DEM_PRON_MS	1
PROPN	DET+ADJ+NSUFF_MASC_PL_ACC	1
PROPN	DET+ADJ+NSUFF_MASC_PL_ACC_POSS	1
PROPN	DET+ADJ+NSUFF_MASC_PL_NOM	1
PROPN	DET+NOUN_PROP+NSUFF_FEM_PL	1
PROPN	DET+NOUN_PROP+NSUFF_FEM_PL+CASE_DEF_GEN	1
PROPN	DET+NOUN_PROP+NSUFF_MASC_PL_NOM	1
PROPN	DET+NOUN+CASE_DEF_ACC	1
PROPN	DET+NOUN+NSUFF_FEM_PL+CASE_DEF_GEN	1
PROPN	DET+NOUN+NSUFF_FEM_SG+CASE_DEF_NOM	1
PROPN	FUNC_WORD	1
PROPN	IV1P+IV_PASS+IVSUFF_MOOD:I	1
PROPN	IV1S+IV_PASS+IVSUFF_MOOD:I	1
PROPN	IV1S+IV_PASS+IVSUFF_MOOD:J	1
PROPN	IV2D+IV_PASS+IVSUFF_SUBJ:D_MOOD:I	1
PROPN	IV2D+IV+IVSUFF_SUBJ:D_MOOD:SJ	1
PROPN	IV2FS+IV+IVSUFF_SUBJ:2FS_MOOD:I	1
PROPN	IV2MS+IV_PASS+IVSUFF_MOOD:J	1
PROPN	IV2MS+IV+IVSUFF_MOOD:I	1
PROPN	IV3MP+IV_PASS+IVSUFF_SUBJ:MP_MOOD:I	1
PROPN	IV3MS+IV_PASS+IVSUFF_MOOD:S	1
PROPN	IV3MS+IV+IVSUFF_MOOD:I	1
PROPN	NOUN_NUM	1
PROPN	NOUN_PROP+NSUFF_FEM_PL+CASE_DEF_GEN	1
PROPN	NOUN_PROP+NSUFF_FEM_SG+CASE_INDEF_ACC	1
PROPN	NOUN_PROP+NSUFF_MASC_DU_ACC_POSS	1
PROPN	NOUN_PROP+NSUFF_MASC_PL_GEN_POSS	1
PROPN	NOUN+CASE_INDEF_GEN	1
PROPN	NOUN+NSUFF_FEM_DU_ACC	1
PROPN	NOUN+NSUFF_FEM_DU_NOM	1
PROPN	NOUN+NSUFF_FEM_PL+CASE_INDEF_GEN	1
PROPN	NOUN+NSUFF_FEM_SG+CASE_INDEF_ACC	1
PROPN	NOUN+NSUFF_MASC_PL_NOM	1
PROPN	PV_PASS+PVSUFF_SUBJ:3MS	1
PROPN	PVSUFF_DO:1S	1
PROPN	PVSUFF_DO:2MS	1
PROPN	PVSUFF_DO:3FS	1
PROPN	VOC_PART	1
PUNCT	ADJ_NUM+CASE_INDEF_GEN	1
PUNCT	ADJ+CASE_INDEF_ACC	1
PUNCT	ADJ+NSUFF_FEM_SG+CASE_INDEF_NOM	1
PUNCT	DEM_PRON_MS	1
PUNCT	DET+ADJ_NUM+NSUFF_FEM_SG+CASE_DEF_NOM	1
PUNCT	DET+ADJ+CASE_DEF_ACC	1
PUNCT	DET+ADJ+CASE_DEF_NOM	1
PUNCT	DET+ADJ+NSUFF_FEM_SG+CASE_DEF_ACC	1
PUNCT	DET+ADJ+NSUFF_MASC_PL_NOM	1
PUNCT	DET+NOUN_NUM+NSUFF_FEM_SG+CASE_DEF_GEN	1
PUNCT	DET+NOUN+NSUFF_FEM_SG+CASE_DEF_NOM	1
PUNCT	DET+NOUN+NSUFF_MASC_DU_GEN	1
PUNCT	FOREIGN	1
PUNCT	IV1P+IV+IVSUFF_MOOD:J	1
PUNCT	IV1P+IV+IVSUFF_MOOD:S	1
PUNCT	IV1S+IV+IVSUFF_MOOD:I	1
PUNCT	IV3MS+IV+IVSUFF_MOOD:I	1
PUNCT	JUS_PART	1
PUNCT	NOUN_NUM+NSUFF_FEM_SG+CASE_INDEF_NOM	1
PUNCT	NOUN_PROP+CASE_DEF_ACC	1
PUNCT	NOUN_PROP+NSUFF_FEM_SG+CASE_DEF_ACC	1
PUNCT	NOUN+CASE_DEF_ACC	1
PUNCT	NOUN+CASE_INDEF_NOM	1
PUNCT	NOUN+NSUFF_FEM_SG+CASE_DEF_ACC	1
PUNCT	NOUN+NSUFF_FEM_SG+CASE_DEF_GEN	1
PUNCT	NOUN+NSUFF_FEM_SG+CASE_INDEF_GEN	1
PUNCT	NOUN+NSUFF_MASC_PL_GEN_POSS	1
PUNCT	NUMERIC_COMMA	1
PUNCT	POSS_PRON_1P	1
PUNCT	POSS_PRON_1S	1
PUNCT	POSS_PRON_2MP	1
PUNCT	POSS_PRON_2MS	1
PUNCT	PRON_1S	1
PUNCT	PV+PVSUFF_SUBJ:1S	1
PUNCT	SUB_CONJ	1
SCONJ	ABBREV	1
SCONJ	CONNEC_PART	1
SCONJ	DEM_PRON_MS	1
SCONJ	DET+NOUN+CASE_DEF_NOM	1
SCONJ	DET+NOUN+NSUFF_FEM_SG+CASE_DEF_NOM	1
SCONJ	IV2MS+IV+IVSUFF_MOOD:J	1
SCONJ	IV3MS+IV_PASS+IVSUFF_MOOD:I	1
SCONJ	IV3MS+IV+IVSUFF_MOOD:I	1
SCONJ	NOUN	1
SCONJ	NOUN_NUM+CASE_DEF_GEN	1
SCONJ	NOUN+CASE_DEF_ACC	1
SCONJ	NOUN+CASE_INDEF_ACC	1
SCONJ	NOUN+NSUFF_FEM_SG+CASE_INDEF_ACC	1
SCONJ	PART	1
SCONJ	POSS_PRON_2MP	1
SCONJ	PRON_1S	1
SCONJ	PRON_3MP	1
SCONJ	PRON_3MS	1
SCONJ	PV+PVSUFF_SUBJ:3MS	1
VERB	ADJ	1
VERB	ADJ_COMP+CASE_DEF_ACC	1
VERB	ADJ_COMP+CASE_DEF_NOM	1
VERB	ADJ+CASE_DEF_ACC	1
VERB	ADJ+NSUFF_MASC_PL_ACC_POSS	1
VERB	DEM_PRON_MS	1
VERB	DET+ADJ_NUM	1
VERB	DET+ADJ+NSUFF_FEM_SG+CASE_DEF_ACC	1
VERB	DET+NOUN_QUANT+CASE_DEF_NOM	1
VERB	INTERROG_ADV	1
VERB	IV1P+IV_PASS+IVSUFF_MOOD:S	1
VERB	IVSUFF_DO:1S	1
VERB	IVSUFF_DO:3MS	1
VERB	NOUN_QUANT+CASE_DEF_ACC	1
VERB	NOUN+CASE_INDEF_ACC	1
VERB	NOUN+CASE_INDEF_GEN	1
VERB	NOUN+CASE_INDEF_NOM	1
VERB	NOUN+NSUFF_FEM_SG	1
VERB	NOUN+NSUFF_FEM_SG+CASE_DEF_NOM	1
VERB	NOUN+NSUFF_MASC_DU_ACC_POSS	1
VERB	POSS_PRON_1P	1
VERB	POSS_PRON_2MP	1
VERB	POSS_PRON_3FS	1
VERB	PRON_3MS	1
VERB	PVSUFF_DO:3FS	1
X	ADJ_NUM	1
X	ADJ+CASE_DEF_ACC	1
X	ADJ+CASE_DEF_GEN	1
X	ADJ+CASE_INDEF_ACC	1
X	ADJ+NSUFF_MASC_PL_ACC_POSS	1
X	ADJ+NSUFF_MASC_PL_NOM	1
X	DEM_PRON_F	1
X	DET+ADJ+NSUFF_MASC_DU_ACC_POSS	1
X	DET+ADJ+NSUFF_MASC_DU_NOM	1
X	DET+NOUN_PROP+NSUFF_FEM_SG	1
X	DET+NOUN+CASE_DEF_ACC	1
X	DET+NOUN+CASE_DEF_NOM	1
X	DET+NOUN+NSUFF_MASC_PL_ACC	1
X	FUT_PART	1
X	IV1P+IV+IVSUFF_MOOD:J	1
X	IV1S+IV_PASS+IVSUFF_MOOD:S	1
X	IV1S+IV+IVSUFF_MOOD:I	1
X	IV2D+IV+IVSUFF_SUBJ:D_MOOD:SJ	1
X	IV2MP+IV+IVSUFF_SUBJ:MP_MOOD:I	1
X	IV2MS+IV+IVSUFF_MOOD:J	1
X	IV3FP+IV+IVSUFF_SUBJ:FP	1
X	IV3MS+IV+IVSUFF_MOOD:I	1
X	NOUN_NUM+CASE_INDEF_ACC	1
X	NOUN_QUANT	1
X	NOUN+NSUFF_FEM_DU_ACC	1
X	NOUN+NSUFF_FEM_DU_ACC_POSS	1
X	NOUN+NSUFF_FEM_DU_NOM	1
X	NOUN+NSUFF_MASC_DU_ACC_POSS	1
X	VOC_PART	1
