partOfSpeech	feature	value
prep	asp	na
prep	atbSegmentation	*
prep	atbTokenization	*
prep	buckwalter	*
prep	bwtok	*
prep	caphi	*
prep	cas	na
prep	catib6	*
prep	cm_buffer	*
prep	cm_pref_ids	*
prep	cm_stem	*
prep	cm_stem_ids	*
prep	cm_suff_ids	*
prep	correctness	y
prep	d1seg	*
prep	d1tok	*
prep	d2seg	*
prep	d2tok	*
prep	d3Segmentation	*
prep	d3Tokenization	*
prep	diacritizedForm	*
prep	enc0	0
prep	enc1	0
prep	enc2	0
prep	form_gen	na
prep	form_num	na
prep	gen	na
prep	gloss	*
prep	lexicalForm	*
prep	lex_logprob	*
prep	mid_root_diac	na
prep	mod	na
prep	num	na
prep	pattern	*
prep	pattern_abstract	*
prep	per	na
prep	partOfSpeech	prep
prep	pos_lex_logprob	*
prep	pos_logprob	*
prep	prc0	0
prep	prc1	0
prep	prc1.5	0
prep	prc2	0
prep	prc3	0
prep	rat	na
prep	root	*
prep	sourceType	lex
prep	stem	*
prep	stemCategory	*
prep	stemgloss	*
prep	stt	na
prep	ud	*
prep	vox	na
verb	asp	na
verb	atbSegmentation	*
verb	atbTokenization	*
verb	buckwalter	*
verb	bwtok	*
verb	caphi	*
verb	cas	na
verb	catib6	*
verb	cm_buffer	*
verb	cm_pref_ids	*
verb	cm_stem	*
verb	cm_stem_ids	*
verb	cm_suff_ids	*
verb	correctness	y
verb	d1seg	*
verb	d1tok	*
verb	d2seg	*
verb	d2tok	*
verb	d3Segmentation	*
verb	d3Tokenization	*
verb	diacritizedForm	*
verb	enc0	0
verb	enc1	0
verb	enc2	0
verb	form_gen	m
verb	form_num	s
verb	gen	m
verb	gloss	*
verb	lexicalForm	*
verb	lex_logprob	*
verb	mid_root_diac	u
verb	mod	u
verb	num	s
verb	pattern	*
verb	pattern_abstract	*
verb	per	3
verb	partOfSpeech	verb
verb	pos_lex_logprob	*
verb	pos_logprob	*
verb	prc0	0
verb	prc1	0
verb	prc1.5	0
verb	prc2	0
verb	prc3	0
verb	rat	n
verb	root	*
verb	sourceType	lex
verb	stem	*
verb	stemCategory	*
verb	stemgloss	*
verb	stt	na
verb	ud	*
verb	vox	u
adj_num	asp	na
adj_num	atbSegmentation	*
adj_num	atbTokenization	*
adj_num	buckwalter	*
adj_num	bwtok	*
adj_num	caphi	*
adj_num	cas	u
adj_num	catib6	*
adj_num	cm_buffer	*
adj_num	cm_pref_ids	*
adj_num	cm_stem	*
adj_num	cm_stem_ids	*
adj_num	cm_suff_ids	*
adj_num	correctness	y
adj_num	d1seg	*
adj_num	d1tok	*
adj_num	d2seg	*
adj_num	d2tok	*
adj_num	d3Segmentation	*
adj_num	d3Tokenization	*
adj_num	diacritizedForm	*
adj_num	enc0	0
adj_num	enc1	0
adj_num	enc2	0
adj_num	form_gen	m
adj_num	form_num	s
adj_num	gen	-
adj_num	gloss	*
adj_num	lexicalForm	*
adj_num	lex_logprob	*
adj_num	mid_root_diac	na
adj_num	mod	na
adj_num	num	-
adj_num	pattern	*
adj_num	pattern_abstract	*
adj_num	per	na
adj_num	partOfSpeech	adj_num
adj_num	pos_lex_logprob	*
adj_num	pos_logprob	*
adj_num	prc0	0
adj_num	prc1	0
adj_num	prc1.5	0
adj_num	prc2	0
adj_num	prc3	0
adj_num	rat	n
adj_num	root	*
adj_num	sourceType	lex
adj_num	stem	*
adj_num	stemCategory	*
adj_num	stemgloss	*
adj_num	stt	i
adj_num	ud	*
adj_num	vox	na
pron_dem	asp	na
pron_dem	atbSegmentation	*
pron_dem	atbTokenization	*
pron_dem	buckwalter	*
pron_dem	bwtok	*
pron_dem	caphi	*
pron_dem	cas	u
pron_dem	catib6	*
pron_dem	cm_buffer	*
pron_dem	cm_pref_ids	*
pron_dem	cm_stem	*
pron_dem	cm_stem_ids	*
pron_dem	cm_suff_ids	*
pron_dem	correctness	y
pron_dem	d1seg	*
pron_dem	d1tok	*
pron_dem	d2seg	*
pron_dem	d2tok	*
pron_dem	d3Segmentation	*
pron_dem	d3Tokenization	*
pron_dem	diacritizedForm	*
pron_dem	enc0	0
pron_dem	enc1	0
pron_dem	enc2	0
pron_dem	form_gen	m
pron_dem	form_num	s
pron_dem	gen	-
pron_dem	gloss	*
pron_dem	lexicalForm	*
pron_dem	lex_logprob	*
pron_dem	mid_root_diac	na
pron_dem	mod	na
pron_dem	num	-
pron_dem	pattern	*
pron_dem	pattern_abstract	*
pron_dem	per	na
pron_dem	partOfSpeech	pron_dem
pron_dem	pos_lex_logprob	*
pron_dem	pos_logprob	*
pron_dem	prc0	0
pron_dem	prc1	0
pron_dem	prc1.5	0
pron_dem	prc2	0
pron_dem	prc3	0
pron_dem	rat	y
pron_dem	root	*
pron_dem	sourceType	lex
pron_dem	stem	*
pron_dem	stemCategory	*
pron_dem	stemgloss	*
pron_dem	stt	i
pron_dem	ud	*
pron_dem	vox	na
pron_rel	asp	na
pron_rel	atbSegmentation	*
pron_rel	atbTokenization	*
pron_rel	buckwalter	*
pron_rel	bwtok	*
pron_rel	caphi	*
pron_rel	cas	u
pron_rel	catib6	*
pron_rel	cm_buffer	*
pron_rel	cm_pref_ids	*
pron_rel	cm_stem	*
pron_rel	cm_stem_ids	*
pron_rel	cm_suff_ids	*
pron_rel	correctness	y
pron_rel	d1seg	*
pron_rel	d1tok	*
pron_rel	d2seg	*
pron_rel	d2tok	*
pron_rel	d3Segmentation	*
pron_rel	d3Tokenization	*
pron_rel	diacritizedForm	*
pron_rel	enc0	0
pron_rel	enc1	0
pron_rel	enc2	0
pron_rel	form_gen	m
pron_rel	form_num	s
pron_rel	gen	-
pron_rel	gloss	*
pron_rel	lexicalForm	*
pron_rel	lex_logprob	*
pron_rel	mid_root_diac	na
pron_rel	mod	na
pron_rel	num	-
pron_rel	pattern	*
pron_rel	pattern_abstract	*
pron_rel	per	na
pron_rel	partOfSpeech	pron_rel
pron_rel	pos_lex_logprob	*
pron_rel	pos_logprob	*
pron_rel	prc0	0
pron_rel	prc1	0
pron_rel	prc1.5	0
pron_rel	prc2	0
pron_rel	prc3	0
pron_rel	rat	y
pron_rel	root	*
pron_rel	sourceType	lex
pron_rel	stem	*
pron_rel	stemCategory	*
pron_rel	stemgloss	*
pron_rel	stt	i
pron_rel	ud	*
pron_rel	vox	na
latin	asp	na
latin	atbSegmentation	*
latin	atbTokenization	*
latin	buckwalter	*
latin	bwtok	*
latin	caphi	*
latin	cas	na
latin	catib6	*
latin	cm_buffer	*
latin	cm_pref_ids	*
latin	cm_stem	*
latin	cm_stem_ids	*
latin	cm_suff_ids	*
latin	correctness	y
latin	d1seg	*
latin	d1tok	*
latin	d2seg	*
latin	d2tok	*
latin	d3Segmentation	*
latin	d3Tokenization	*
latin	diacritizedForm	*
latin	enc0	0
latin	enc1	0
latin	enc2	0
latin	form_gen	na
latin	form_num	na
latin	gen	na
latin	gloss	*
latin	lexicalForm	*
latin	lex_logprob	*
latin	mid_root_diac	na
latin	mod	na
latin	num	na
latin	pattern	*
latin	pattern_abstract	*
latin	per	na
latin	partOfSpeech	latin
latin	pos_lex_logprob	*
latin	pos_logprob	*
latin	prc0	0
latin	prc1	0
latin	prc1.5	0
latin	prc2	0
latin	prc3	0
latin	rat	na
latin	root	*
latin	sourceType	lex
latin	stem	*
latin	stemCategory	*
latin	stemgloss	*
latin	stt	na
latin	ud	*
latin	vox	na
punc	asp	na
punc	atbSegmentation	*
punc	atbTokenization	*
punc	buckwalter	*
punc	bwtok	*
punc	caphi	*
punc	cas	na
punc	catib6	*
punc	cm_buffer	*
punc	cm_pref_ids	*
punc	cm_stem	*
punc	cm_stem_ids	*
punc	cm_suff_ids	*
punc	correctness	y
punc	d1seg	*
punc	d1tok	*
punc	d2seg	*
punc	d2tok	*
punc	d3Segmentation	*
punc	d3Tokenization	*
punc	diacritizedForm	*
punc	enc0	0
punc	enc1	0
punc	enc2	0
punc	form_gen	na
punc	form_num	na
punc	gen	na
punc	gloss	*
punc	lexicalForm	*
punc	lex_logprob	*
punc	mid_root_diac	na
punc	mod	na
punc	num	na
punc	pattern	*
punc	pattern_abstract	*
punc	per	na
punc	partOfSpeech	punc
punc	pos_lex_logprob	*
punc	pos_logprob	*
punc	prc0	0
punc	prc1	0
punc	prc1.5	0
punc	prc2	0
punc	prc3	0
punc	rat	na
punc	root	*
punc	sourceType	lex
punc	stem	*
punc	stemCategory	*
punc	stemgloss	*
punc	stt	na
punc	ud	*
punc	vox	na
conj_sub	asp	na
conj_sub	atbSegmentation	*
conj_sub	atbTokenization	*
conj_sub	buckwalter	*
conj_sub	bwtok	*
conj_sub	caphi	*
conj_sub	cas	na
conj_sub	catib6	*
conj_sub	cm_buffer	*
conj_sub	cm_pref_ids	*
conj_sub	cm_stem	*
conj_sub	cm_stem_ids	*
conj_sub	cm_suff_ids	*
conj_sub	correctness	y
conj_sub	d1seg	*
conj_sub	d1tok	*
conj_sub	d2seg	*
conj_sub	d2tok	*
conj_sub	d3Segmentation	*
conj_sub	d3Tokenization	*
conj_sub	diacritizedForm	*
conj_sub	enc0	0
conj_sub	enc1	0
conj_sub	enc2	0
conj_sub	form_gen	na
conj_sub	form_num	na
conj_sub	gen	na
conj_sub	gloss	*
conj_sub	lexicalForm	*
conj_sub	lex_logprob	*
conj_sub	mid_root_diac	na
conj_sub	mod	na
conj_sub	num	na
conj_sub	pattern	*
conj_sub	pattern_abstract	*
conj_sub	per	na
conj_sub	partOfSpeech	conj_sub
conj_sub	pos_lex_logprob	*
conj_sub	pos_logprob	*
conj_sub	prc0	0
conj_sub	prc1	0
conj_sub	prc1.5	0
conj_sub	prc2	0
conj_sub	prc3	0
conj_sub	rat	na
conj_sub	root	*
conj_sub	sourceType	lex
conj_sub	stem	*
conj_sub	stemCategory	*
conj_sub	stemgloss	*
conj_sub	stt	na
conj_sub	ud	*
conj_sub	vox	na
part_fut	asp	na
part_fut	atbSegmentation	*
part_fut	atbTokenization	*
part_fut	buckwalter	*
part_fut	bwtok	*
part_fut	caphi	*
part_fut	cas	na
part_fut	catib6	*
part_fut	cm_buffer	*
part_fut	cm_pref_ids	*
part_fut	cm_stem	*
part_fut	cm_stem_ids	*
part_fut	cm_suff_ids	*
part_fut	correctness	y
part_fut	d1seg	*
part_fut	d1tok	*
part_fut	d2seg	*
part_fut	d2tok	*
part_fut	d3Segmentation	*
part_fut	d3Tokenization	*
part_fut	diacritizedForm	*
part_fut	enc0	0
part_fut	enc1	0
part_fut	enc2	0
part_fut	form_gen	na
part_fut	form_num	na
part_fut	gen	na
part_fut	gloss	*
part_fut	lexicalForm	*
part_fut	lex_logprob	*
part_fut	mid_root_diac	na
part_fut	mod	na
part_fut	num	na
part_fut	pattern	*
part_fut	pattern_abstract	*
part_fut	per	na
part_fut	partOfSpeech	part_fut
part_fut	pos_lex_logprob	*
part_fut	pos_logprob	*
part_fut	prc0	0
part_fut	prc1	0
part_fut	prc1.5	0
part_fut	prc2	0
part_fut	prc3	0
part_fut	rat	na
part_fut	root	*
part_fut	sourceType	lex
part_fut	stem	*
part_fut	stemCategory	*
part_fut	stemgloss	*
part_fut	stt	na
part_fut	ud	*
part_fut	vox	na
noun_num	asp	na
noun_num	atbSegmentation	*
noun_num	atbTokenization	*
noun_num	buckwalter	*
noun_num	bwtok	*
noun_num	caphi	*
noun_num	cas	u
noun_num	catib6	*
noun_num	cm_buffer	*
noun_num	cm_pref_ids	*
noun_num	cm_stem	*
noun_num	cm_stem_ids	*
noun_num	cm_suff_ids	*
noun_num	correctness	y
noun_num	d1seg	*
noun_num	d1tok	*
noun_num	d2seg	*
noun_num	d2tok	*
noun_num	d3Segmentation	*
noun_num	d3Tokenization	*
noun_num	diacritizedForm	*
noun_num	enc0	0
noun_num	enc1	0
noun_num	enc2	0
noun_num	form_gen	m
noun_num	form_num	s
noun_num	gen	-
noun_num	gloss	*
noun_num	lexicalForm	*
noun_num	lex_logprob	*
noun_num	mid_root_diac	na
noun_num	mod	na
noun_num	num	-
noun_num	pattern	*
noun_num	pattern_abstract	*
noun_num	per	na
noun_num	partOfSpeech	noun_num
noun_num	pos_lex_logprob	*
noun_num	pos_logprob	*
noun_num	prc0	0
noun_num	prc1	0
noun_num	prc1.5	0
noun_num	prc2	0
noun_num	prc3	0
noun_num	rat	y
noun_num	root	*
noun_num	sourceType	lex
noun_num	stem	*
noun_num	stemCategory	*
noun_num	stemgloss	*
noun_num	stt	i
noun_num	ud	*
noun_num	vox	na
part_neg	asp	na
part_neg	atbSegmentation	*
part_neg	atbTokenization	*
part_neg	buckwalter	*
part_neg	bwtok	*
part_neg	caphi	*
part_neg	cas	na
part_neg	catib6	*
part_neg	cm_buffer	*
part_neg	cm_pref_ids	*
part_neg	cm_stem	*
part_neg	cm_stem_ids	*
part_neg	cm_suff_ids	*
part_neg	correctness	y
part_neg	d1seg	*
part_neg	d1tok	*
part_neg	d2seg	*
part_neg	d2tok	*
part_neg	d3Segmentation	*
part_neg	d3Tokenization	*
part_neg	diacritizedForm	*
part_neg	enc0	0
part_neg	enc1	0
part_neg	enc2	0
part_neg	form_gen	na
part_neg	form_num	na
part_neg	gen	na
part_neg	gloss	*
part_neg	lexicalForm	*
part_neg	lex_logprob	*
part_neg	mid_root_diac	na
part_neg	mod	na
part_neg	num	na
part_neg	pattern	*
part_neg	pattern_abstract	*
part_neg	per	na
part_neg	partOfSpeech	part_neg
part_neg	pos_lex_logprob	*
part_neg	pos_logprob	*
part_neg	prc0	0
part_neg	prc1	0
part_neg	prc1.5	0
part_neg	prc2	0
part_neg	prc3	0
part_neg	rat	na
part_neg	root	*
part_neg	sourceType	lex
part_neg	stem	*
part_neg	stemCategory	*
part_neg	stemgloss	*
part_neg	stt	na
part_neg	ud	*
part_neg	vox	na
abbrev	asp	na
abbrev	atbSegmentation	*
abbrev	atbTokenization	*
abbrev	buckwalter	*
abbrev	bwtok	*
abbrev	caphi	*
abbrev	cas	na
abbrev	catib6	*
abbrev	cm_buffer	*
abbrev	cm_pref_ids	*
abbrev	cm_stem	*
abbrev	cm_stem_ids	*
abbrev	cm_suff_ids	*
abbrev	correctness	y
abbrev	d1seg	*
abbrev	d1tok	*
abbrev	d2seg	*
abbrev	d2tok	*
abbrev	d3Segmentation	*
abbrev	d3Tokenization	*
abbrev	diacritizedForm	*
abbrev	enc0	0
abbrev	enc1	0
abbrev	enc2	0
abbrev	form_gen	na
abbrev	form_num	na
abbrev	gen	na
abbrev	gloss	*
abbrev	lexicalForm	*
abbrev	lex_logprob	*
abbrev	mid_root_diac	na
abbrev	mod	na
abbrev	num	na
abbrev	pattern	*
abbrev	pattern_abstract	*
abbrev	per	na
abbrev	partOfSpeech	abbrev
abbrev	pos_lex_logprob	*
abbrev	pos_logprob	*
abbrev	prc0	0
abbrev	prc1	0
abbrev	prc1.5	0
abbrev	prc2	0
abbrev	prc3	0
abbrev	rat	na
abbrev	root	*
abbrev	sourceType	lex
abbrev	stem	*
abbrev	stemCategory	*
abbrev	stemgloss	*
abbrev	stt	na
abbrev	ud	*
abbrev	vox	na
pron	asp	na
pron	atbSegmentation	*
pron	atbTokenization	*
pron	buckwalter	*
pron	bwtok	*
pron	caphi	*
pron	cas	u
pron	catib6	*
pron	cm_buffer	*
pron	cm_pref_ids	*
pron	cm_stem	*
pron	cm_stem_ids	*
pron	cm_suff_ids	*
pron	correctness	y
pron	d1seg	*
pron	d1tok	*
pron	d2seg	*
pron	d2tok	*
pron	d3Segmentation	*
pron	d3Tokenization	*
pron	diacritizedForm	*
pron	enc0	0
pron	enc1	0
pron	enc2	0
pron	form_gen	m
pron	form_num	s
pron	gen	-
pron	gloss	*
pron	lexicalForm	*
pron	lex_logprob	*
pron	mid_root_diac	na
pron	mod	na
pron	num	-
pron	pattern	*
pron	pattern_abstract	*
pron	per	3
pron	partOfSpeech	pron
pron	pos_lex_logprob	*
pron	pos_logprob	*
pron	prc0	0
pron	prc1	0
pron	prc1.5	0
pron	prc2	0
pron	prc3	0
pron	rat	y
pron	root	*
pron	sourceType	lex
pron	stem	*
pron	stemCategory	*
pron	stemgloss	*
pron	stt	i
pron	ud	*
pron	vox	na
noun_prop	asp	na
noun_prop	atbSegmentation	*
noun_prop	atbTokenization	*
noun_prop	buckwalter	*
noun_prop	bwtok	*
noun_prop	caphi	*
noun_prop	cas	u
noun_prop	catib6	*
noun_prop	cm_buffer	*
noun_prop	cm_pref_ids	*
noun_prop	cm_stem	*
noun_prop	cm_stem_ids	*
noun_prop	cm_suff_ids	*
noun_prop	correctness	y
noun_prop	d1seg	*
noun_prop	d1tok	*
noun_prop	d2seg	*
noun_prop	d2tok	*
noun_prop	d3Segmentation	*
noun_prop	d3Tokenization	*
noun_prop	diacritizedForm	*
noun_prop	enc0	0
noun_prop	enc1	0
noun_prop	enc2	0
noun_prop	form_gen	m
noun_prop	form_num	s
noun_prop	gen	-
noun_prop	gloss	*
noun_prop	lexicalForm	*
noun_prop	lex_logprob	*
noun_prop	mid_root_diac	na
noun_prop	mod	na
noun_prop	num	-
noun_prop	pattern	*
noun_prop	pattern_abstract	*
noun_prop	per	na
noun_prop	partOfSpeech	noun_prop
noun_prop	pos_lex_logprob	*
noun_prop	pos_logprob	*
noun_prop	prc0	0
noun_prop	prc1	0
noun_prop	prc1.5	0
noun_prop	prc2	0
noun_prop	prc3	0
noun_prop	rat	r
noun_prop	root	*
noun_prop	sourceType	lex
noun_prop	stem	*
noun_prop	stemCategory	*
noun_prop	stemgloss	*
noun_prop	stt	i
noun_prop	ud	*
noun_prop	vox	na
pron_interrog	asp	na
pron_interrog	atbSegmentation	*
pron_interrog	atbTokenization	*
pron_interrog	buckwalter	*
pron_interrog	bwtok	*
pron_interrog	caphi	*
pron_interrog	cas	u
pron_interrog	catib6	*
pron_interrog	cm_buffer	*
pron_interrog	cm_pref_ids	*
pron_interrog	cm_stem	*
pron_interrog	cm_stem_ids	*
pron_interrog	cm_suff_ids	*
pron_interrog	correctness	y
pron_interrog	d1seg	*
pron_interrog	d1tok	*
pron_interrog	d2seg	*
pron_interrog	d2tok	*
pron_interrog	d3Segmentation	*
pron_interrog	d3Tokenization	*
pron_interrog	diacritizedForm	*
pron_interrog	enc0	0
pron_interrog	enc1	0
pron_interrog	enc2	0
pron_interrog	form_gen	m
pron_interrog	form_num	s
pron_interrog	gen	-
pron_interrog	gloss	*
pron_interrog	lexicalForm	*
pron_interrog	lex_logprob	*
pron_interrog	mid_root_diac	na
pron_interrog	mod	na
pron_interrog	num	-
pron_interrog	pattern	*
pron_interrog	pattern_abstract	*
pron_interrog	per	na
pron_interrog	partOfSpeech	pron_interrog
pron_interrog	pos_lex_logprob	*
pron_interrog	pos_logprob	*
pron_interrog	prc0	0
pron_interrog	prc1	0
pron_interrog	prc1.5	0
pron_interrog	prc2	0
pron_interrog	prc3	0
pron_interrog	rat	y
pron_interrog	root	*
pron_interrog	sourceType	lex
pron_interrog	stem	*
pron_interrog	stemCategory	*
pron_interrog	stemgloss	*
pron_interrog	stt	i
pron_interrog	ud	*
pron_interrog	vox	na
*	asp	na
*	atbSegmentation	*
*	atbTokenization	*
*	buckwalter	*
*	bwtok	*
*	caphi	*
*	cas	na
*	catib6	*
*	cm_buffer	*
*	cm_pref_ids	*
*	cm_stem	*
*	cm_stem_ids	*
*	cm_suff_ids	*
*	correctness	y
*	d1seg	*
*	d1tok	*
*	d2seg	*
*	d2tok	*
*	d3Segmentation	*
*	d3Tokenization	*
*	diacritizedForm	*
*	enc0	0
*	enc1	0
*	enc2	0
*	form_gen	na
*	form_num	na
*	gen	na
*	gloss	*
*	lexicalForm	*
*	lex_logprob	*
*	mid_root_diac	na
*	mod	na
*	num	na
*	pattern	*
*	pattern_abstract	*
*	per	na
*	partOfSpeech	*
*	pos_lex_logprob	*
*	pos_logprob	*
*	prc0	0
*	prc1	0
*	prc1.5	0
*	prc2	0
*	prc3	0
*	rat	na
*	root	*
*	sourceType	lex
*	stem	*
*	stemCategory	*
*	stemgloss	*
*	stt	na
*	ud	*
*	vox	na
part_verb	asp	na
part_verb	atbSegmentation	*
part_verb	atbTokenization	*
part_verb	buckwalter	*
part_verb	bwtok	*
part_verb	caphi	*
part_verb	cas	na
part_verb	catib6	*
part_verb	cm_buffer	*
part_verb	cm_pref_ids	*
part_verb	cm_stem	*
part_verb	cm_stem_ids	*
part_verb	cm_suff_ids	*
part_verb	correctness	y
part_verb	d1seg	*
part_verb	d1tok	*
part_verb	d2seg	*
part_verb	d2tok	*
part_verb	d3Segmentation	*
part_verb	d3Tokenization	*
part_verb	diacritizedForm	*
part_verb	enc0	0
part_verb	enc1	0
part_verb	enc2	0
part_verb	form_gen	na
part_verb	form_num	na
part_verb	gen	na
part_verb	gloss	*
part_verb	lexicalForm	*
part_verb	lex_logprob	*
part_verb	mid_root_diac	na
part_verb	mod	na
part_verb	num	na
part_verb	pattern	*
part_verb	pattern_abstract	*
part_verb	per	na
part_verb	partOfSpeech	part_verb
part_verb	pos_lex_logprob	*
part_verb	pos_logprob	*
part_verb	prc0	0
part_verb	prc1	0
part_verb	prc1.5	0
part_verb	prc2	0
part_verb	prc3	0
part_verb	rat	na
part_verb	root	*
part_verb	sourceType	lex
part_verb	stem	*
part_verb	stemCategory	*
part_verb	stemgloss	*
part_verb	stt	na
part_verb	ud	*
part_verb	vox	na
digit	asp	na
digit	atbSegmentation	*
digit	atbTokenization	*
digit	buckwalter	*
digit	bwtok	*
digit	caphi	*
digit	cas	na
digit	catib6	*
digit	cm_buffer	*
digit	cm_pref_ids	*
digit	cm_stem	*
digit	cm_stem_ids	*
digit	cm_suff_ids	*
digit	correctness	y
digit	d1seg	*
digit	d1tok	*
digit	d2seg	*
digit	d2tok	*
digit	d3Segmentation	*
digit	d3Tokenization	*
digit	diacritizedForm	*
digit	enc0	0
digit	enc1	0
digit	enc2	0
digit	form_gen	na
digit	form_num	na
digit	gen	na
digit	gloss	*
digit	lexicalForm	*
digit	lex_logprob	*
digit	mid_root_diac	na
digit	mod	na
digit	num	na
digit	pattern	*
digit	pattern_abstract	*
digit	per	na
digit	partOfSpeech	digit
digit	pos_lex_logprob	*
digit	pos_logprob	*
digit	prc0	0
digit	prc1	0
digit	prc1.5	0
digit	prc2	0
digit	prc3	0
digit	rat	na
digit	root	*
digit	sourceType	lex
digit	stem	*
digit	stemCategory	*
digit	stemgloss	*
digit	stt	na
digit	ud	*
digit	vox	na
part	asp	na
part	atbSegmentation	*
part	atbTokenization	*
part	buckwalter	*
part	bwtok	*
part	caphi	*
part	cas	na
part	catib6	*
part	cm_buffer	*
part	cm_pref_ids	*
part	cm_stem	*
part	cm_stem_ids	*
part	cm_suff_ids	*
part	correctness	y
part	d1seg	*
part	d1tok	*
part	d2seg	*
part	d2tok	*
part	d3Segmentation	*
part	d3Tokenization	*
part	diacritizedForm	*
part	enc0	0
part	enc1	0
part	enc2	0
part	form_gen	na
part	form_num	na
part	gen	na
part	gloss	*
part	lexicalForm	*
part	lex_logprob	*
part	mid_root_diac	na
part	mod	na
part	num	na
part	pattern	*
part	pattern_abstract	*
part	per	na
part	partOfSpeech	part
part	pos_lex_logprob	*
part	pos_logprob	*
part	prc0	0
part	prc1	0
part	prc1.5	0
part	prc2	0
part	prc3	0
part	rat	na
part	root	*
part	sourceType	lex
part	stem	*
part	stemCategory	*
part	stemgloss	*
part	stt	na
part	ud	*
part	vox	na
adv	asp	na
adv	atbSegmentation	*
adv	atbTokenization	*
adv	buckwalter	*
adv	bwtok	*
adv	caphi	*
adv	cas	u
adv	catib6	*
adv	cm_buffer	*
adv	cm_pref_ids	*
adv	cm_stem	*
adv	cm_stem_ids	*
adv	cm_suff_ids	*
adv	correctness	y
adv	d1seg	*
adv	d1tok	*
adv	d2seg	*
adv	d2tok	*
adv	d3Segmentation	*
adv	d3Tokenization	*
adv	diacritizedForm	*
adv	enc0	0
adv	enc1	0
adv	enc2	0
adv	form_gen	m
adv	form_num	s
adv	gen	-
adv	gloss	*
adv	lexicalForm	*
adv	lex_logprob	*
adv	mid_root_diac	na
adv	mod	na
adv	num	-
adv	pattern	*
adv	pattern_abstract	*
adv	per	na
adv	partOfSpeech	adv
adv	pos_lex_logprob	*
adv	pos_logprob	*
adv	prc0	0
adv	prc1	0
adv	prc1.5	0
adv	prc2	0
adv	prc3	0
adv	rat	y
adv	root	*
adv	sourceType	lex
adv	stem	*
adv	stemCategory	*
adv	stemgloss	*
adv	stt	i
adv	ud	*
adv	vox	na
part_det	asp	na
part_det	atbSegmentation	*
part_det	atbTokenization	*
part_det	buckwalter	*
part_det	bwtok	*
part_det	caphi	*
part_det	cas	na
part_det	catib6	*
part_det	cm_buffer	*
part_det	cm_pref_ids	*
part_det	cm_stem	*
part_det	cm_stem_ids	*
part_det	cm_suff_ids	*
part_det	correctness	y
part_det	d1seg	*
part_det	d1tok	*
part_det	d2seg	*
part_det	d2tok	*
part_det	d3Segmentation	*
part_det	d3Tokenization	*
part_det	diacritizedForm	*
part_det	enc0	0
part_det	enc1	0
part_det	enc2	0
part_det	form_gen	na
part_det	form_num	na
part_det	gen	na
part_det	gloss	*
part_det	lexicalForm	*
part_det	lex_logprob	*
part_det	mid_root_diac	na
part_det	mod	na
part_det	num	na
part_det	pattern	*
part_det	pattern_abstract	*
part_det	per	na
part_det	partOfSpeech	part_det
part_det	pos_lex_logprob	*
part_det	pos_logprob	*
part_det	prc0	0
part_det	prc1	0
part_det	prc1.5	0
part_det	prc2	0
part_det	prc3	0
part_det	rat	na
part_det	root	*
part_det	sourceType	lex
part_det	stem	*
part_det	stemCategory	*
part_det	stemgloss	*
part_det	stt	na
part_det	ud	*
part_det	vox	na
verb_pseudo	asp	na
verb_pseudo	atbSegmentation	*
verb_pseudo	atbTokenization	*
verb_pseudo	buckwalter	*
verb_pseudo	bwtok	*
verb_pseudo	caphi	*
verb_pseudo	cas	na
verb_pseudo	catib6	*
verb_pseudo	cm_buffer	*
verb_pseudo	cm_pref_ids	*
verb_pseudo	cm_stem	*
verb_pseudo	cm_stem_ids	*
verb_pseudo	cm_suff_ids	*
verb_pseudo	correctness	y
verb_pseudo	d1seg	*
verb_pseudo	d1tok	*
verb_pseudo	d2seg	*
verb_pseudo	d2tok	*
verb_pseudo	d3Segmentation	*
verb_pseudo	d3Tokenization	*
verb_pseudo	diacritizedForm	*
verb_pseudo	enc0	0
verb_pseudo	enc1	0
verb_pseudo	enc2	0
verb_pseudo	form_gen	na
verb_pseudo	form_num	na
verb_pseudo	gen	na
verb_pseudo	gloss	*
verb_pseudo	lexicalForm	*
verb_pseudo	lex_logprob	*
verb_pseudo	mid_root_diac	na
verb_pseudo	mod	na
verb_pseudo	num	na
verb_pseudo	pattern	*
verb_pseudo	pattern_abstract	*
verb_pseudo	per	na
verb_pseudo	partOfSpeech	verb_pseudo
verb_pseudo	pos_lex_logprob	*
verb_pseudo	pos_logprob	*
verb_pseudo	prc0	0
verb_pseudo	prc1	0
verb_pseudo	prc1.5	0
verb_pseudo	prc2	0
verb_pseudo	prc3	0
verb_pseudo	rat	n
verb_pseudo	root	*
verb_pseudo	sourceType	lex
verb_pseudo	stem	*
verb_pseudo	stemCategory	*
verb_pseudo	stemgloss	*
verb_pseudo	stt	na
verb_pseudo	ud	*
verb_pseudo	vox	na
verb_nom	asp	na
verb_nom	atbSegmentation	*
verb_nom	atbTokenization	*
verb_nom	buckwalter	*
verb_nom	bwtok	*
verb_nom	caphi	*
verb_nom	cas	na
verb_nom	catib6	*
verb_nom	cm_buffer	*
verb_nom	cm_pref_ids	*
verb_nom	cm_stem	*
verb_nom	cm_stem_ids	*
verb_nom	cm_suff_ids	*
verb_nom	correctness	y
verb_nom	d1seg	*
verb_nom	d1tok	*
verb_nom	d2seg	*
verb_nom	d2tok	*
verb_nom	d3Segmentation	*
verb_nom	d3Tokenization	*
verb_nom	diacritizedForm	*
verb_nom	enc0	0
verb_nom	enc1	0
verb_nom	enc2	0
verb_nom	form_gen	na
verb_nom	form_num	na
verb_nom	gen	na
verb_nom	gloss	*
verb_nom	lexicalForm	*
verb_nom	lex_logprob	*
verb_nom	mid_root_diac	na
verb_nom	mod	na
verb_nom	num	na
verb_nom	pattern	*
verb_nom	pattern_abstract	*
verb_nom	per	na
verb_nom	partOfSpeech	verb_nom
verb_nom	pos_lex_logprob	*
verb_nom	pos_logprob	*
verb_nom	prc0	0
verb_nom	prc1	0
verb_nom	prc1.5	0
verb_nom	prc2	0
verb_nom	prc3	0
verb_nom	rat	n
verb_nom	root	*
verb_nom	sourceType	lex
verb_nom	stem	*
verb_nom	stemCategory	*
verb_nom	stemgloss	*
verb_nom	stt	na
verb_nom	ud	*
verb_nom	vox	na
noun_quant	asp	na
noun_quant	atbSegmentation	*
noun_quant	atbTokenization	*
noun_quant	buckwalter	*
noun_quant	bwtok	*
noun_quant	caphi	*
noun_quant	cas	u
noun_quant	catib6	*
noun_quant	cm_buffer	*
noun_quant	cm_pref_ids	*
noun_quant	cm_stem	*
noun_quant	cm_stem_ids	*
noun_quant	cm_suff_ids	*
noun_quant	correctness	y
noun_quant	d1seg	*
noun_quant	d1tok	*
noun_quant	d2seg	*
noun_quant	d2tok	*
noun_quant	d3Segmentation	*
noun_quant	d3Tokenization	*
noun_quant	diacritizedForm	*
noun_quant	enc0	0
noun_quant	enc1	0
noun_quant	enc2	0
noun_quant	form_gen	m
noun_quant	form_num	s
noun_quant	gen	-
noun_quant	gloss	*
noun_quant	lexicalForm	*
noun_quant	lex_logprob	*
noun_quant	mid_root_diac	na
noun_quant	mod	na
noun_quant	num	-
noun_quant	pattern	*
noun_quant	pattern_abstract	*
noun_quant	per	na
noun_quant	partOfSpeech	noun_quant
noun_quant	pos_lex_logprob	*
noun_quant	pos_logprob	*
noun_quant	prc0	0
noun_quant	prc1	0
noun_quant	prc1.5	0
noun_quant	prc2	0
noun_quant	prc3	0
noun_quant	rat	n
noun_quant	root	*
noun_quant	sourceType	lex
noun_quant	stem	*
noun_quant	stemCategory	*
noun_quant	stemgloss	*
noun_quant	stt	i
noun_quant	ud	*
noun_quant	vox	na
adv_interrog	asp	na
adv_interrog	atbSegmentation	*
adv_interrog	atbTokenization	*
adv_interrog	buckwalter	*
adv_interrog	bwtok	*
adv_interrog	caphi	*
adv_interrog	cas	u
adv_interrog	catib6	*
adv_interrog	cm_buffer	*
adv_interrog	cm_pref_ids	*
adv_interrog	cm_stem	*
adv_interrog	cm_stem_ids	*
adv_interrog	cm_suff_ids	*
adv_interrog	correctness	y
adv_interrog	d1seg	*
adv_interrog	d1tok	*
adv_interrog	d2seg	*
adv_interrog	d2tok	*
adv_interrog	d3Segmentation	*
adv_interrog	d3Tokenization	*
adv_interrog	diacritizedForm	*
adv_interrog	enc0	0
adv_interrog	enc1	0
adv_interrog	enc2	0
adv_interrog	form_gen	m
adv_interrog	form_num	s
adv_interrog	gen	-
adv_interrog	gloss	*
adv_interrog	lexicalForm	*
adv_interrog	lex_logprob	*
adv_interrog	mid_root_diac	na
adv_interrog	mod	na
adv_interrog	num	-
adv_interrog	pattern	*
adv_interrog	pattern_abstract	*
adv_interrog	per	na
adv_interrog	partOfSpeech	adv_interrog
adv_interrog	pos_lex_logprob	*
adv_interrog	pos_logprob	*
adv_interrog	prc0	0
adv_interrog	prc1	0
adv_interrog	prc1.5	0
adv_interrog	prc2	0
adv_interrog	prc3	0
adv_interrog	rat	y
adv_interrog	root	*
adv_interrog	sourceType	lex
adv_interrog	stem	*
adv_interrog	stemCategory	*
adv_interrog	stemgloss	*
adv_interrog	stt	i
adv_interrog	ud	*
adv_interrog	vox	na
adj_comp	asp	na
adj_comp	atbSegmentation	*
adj_comp	atbTokenization	*
adj_comp	buckwalter	*
adj_comp	bwtok	*
adj_comp	caphi	*
adj_comp	cas	u
adj_comp	catib6	*
adj_comp	cm_buffer	*
adj_comp	cm_pref_ids	*
adj_comp	cm_stem	*
adj_comp	cm_stem_ids	*
adj_comp	cm_suff_ids	*
adj_comp	correctness	y
adj_comp	d1seg	*
adj_comp	d1tok	*
adj_comp	d2seg	*
adj_comp	d2tok	*
adj_comp	d3Segmentation	*
adj_comp	d3Tokenization	*
adj_comp	diacritizedForm	*
adj_comp	enc0	0
adj_comp	enc1	0
adj_comp	enc2	0
adj_comp	form_gen	m
adj_comp	form_num	s
adj_comp	gen	-
adj_comp	gloss	*
adj_comp	lexicalForm	*
adj_comp	lex_logprob	*
adj_comp	mid_root_diac	na
adj_comp	mod	na
adj_comp	num	-
adj_comp	pattern	*
adj_comp	pattern_abstract	*
adj_comp	per	na
adj_comp	partOfSpeech	adj_comp
adj_comp	pos_lex_logprob	*
adj_comp	pos_logprob	*
adj_comp	prc0	0
adj_comp	prc1	0
adj_comp	prc1.5	0
adj_comp	prc2	0
adj_comp	prc3	0
adj_comp	rat	n
adj_comp	root	*
adj_comp	sourceType	lex
adj_comp	stem	*
adj_comp	stemCategory	*
adj_comp	stemgloss	*
adj_comp	stt	i
adj_comp	ud	*
adj_comp	vox	na
interj	asp	na
interj	atbSegmentation	*
interj	atbTokenization	*
interj	buckwalter	*
interj	bwtok	*
interj	caphi	*
interj	cas	na
interj	catib6	*
interj	cm_buffer	*
interj	cm_pref_ids	*
interj	cm_stem	*
interj	cm_stem_ids	*
interj	cm_suff_ids	*
interj	correctness	y
interj	d1seg	*
interj	d1tok	*
interj	d2seg	*
interj	d2tok	*
interj	d3Segmentation	*
interj	d3Tokenization	*
interj	diacritizedForm	*
interj	enc0	0
interj	enc1	0
interj	enc2	0
interj	form_gen	na
interj	form_num	na
interj	gen	na
interj	gloss	*
interj	lexicalForm	*
interj	lex_logprob	*
interj	mid_root_diac	na
interj	mod	na
interj	num	na
interj	pattern	*
interj	pattern_abstract	*
interj	per	na
interj	partOfSpeech	interj
interj	pos_lex_logprob	*
interj	pos_logprob	*
interj	prc0	0
interj	prc1	0
interj	prc1.5	0
interj	prc2	0
interj	prc3	0
interj	rat	na
interj	root	*
interj	sourceType	lex
interj	stem	*
interj	stemCategory	*
interj	stemgloss	*
interj	stt	na
interj	ud	*
interj	vox	na
part_restrict	asp	na
part_restrict	atbSegmentation	*
part_restrict	atbTokenization	*
part_restrict	buckwalter	*
part_restrict	bwtok	*
part_restrict	caphi	*
part_restrict	cas	na
part_restrict	catib6	*
part_restrict	cm_buffer	*
part_restrict	cm_pref_ids	*
part_restrict	cm_stem	*
part_restrict	cm_stem_ids	*
part_restrict	cm_suff_ids	*
part_restrict	correctness	y
part_restrict	d1seg	*
part_restrict	d1tok	*
part_restrict	d2seg	*
part_restrict	d2tok	*
part_restrict	d3Segmentation	*
part_restrict	d3Tokenization	*
part_restrict	diacritizedForm	*
part_restrict	enc0	0
part_restrict	enc1	0
part_restrict	enc2	0
part_restrict	form_gen	na
part_restrict	form_num	na
part_restrict	gen	na
part_restrict	gloss	*
part_restrict	lexicalForm	*
part_restrict	lex_logprob	*
part_restrict	mid_root_diac	na
part_restrict	mod	na
part_restrict	num	na
part_restrict	pattern	*
part_restrict	pattern_abstract	*
part_restrict	per	na
part_restrict	partOfSpeech	part_restrict
part_restrict	pos_lex_logprob	*
part_restrict	pos_logprob	*
part_restrict	prc0	0
part_restrict	prc1	0
part_restrict	prc1.5	0
part_restrict	prc2	0
part_restrict	prc3	0
part_restrict	rat	na
part_restrict	root	*
part_restrict	sourceType	lex
part_restrict	stem	*
part_restrict	stemCategory	*
part_restrict	stemgloss	*
part_restrict	stt	na
part_restrict	ud	*
part_restrict	vox	na
adj	asp	na
adj	atbSegmentation	*
adj	atbTokenization	*
adj	buckwalter	*
adj	bwtok	*
adj	caphi	*
adj	cas	u
adj	catib6	*
adj	cm_buffer	*
adj	cm_pref_ids	*
adj	cm_stem	*
adj	cm_stem_ids	*
adj	cm_suff_ids	*
adj	correctness	y
adj	d1seg	*
adj	d1tok	*
adj	d2seg	*
adj	d2tok	*
adj	d3Segmentation	*
adj	d3Tokenization	*
adj	diacritizedForm	*
adj	enc0	0
adj	enc1	0
adj	enc2	0
adj	form_gen	m
adj	form_num	s
adj	gen	-
adj	gloss	*
adj	lexicalForm	*
adj	lex_logprob	*
adj	mid_root_diac	na
adj	mod	na
adj	num	-
adj	pattern	*
adj	pattern_abstract	*
adj	per	na
adj	partOfSpeech	adj
adj	pos_lex_logprob	*
adj	pos_logprob	*
adj	prc0	0
adj	prc1	0
adj	prc1.5	0
adj	prc2	0
adj	prc3	0
adj	rat	n
adj	root	*
adj	sourceType	lex
adj	stem	*
adj	stemCategory	*
adj	stemgloss	*
adj	stt	i
adj	ud	*
adj	vox	na
adv_rel	asp	na
adv_rel	atbSegmentation	*
adv_rel	atbTokenization	*
adv_rel	buckwalter	*
adv_rel	bwtok	*
adv_rel	caphi	*
adv_rel	cas	u
adv_rel	catib6	*
adv_rel	cm_buffer	*
adv_rel	cm_pref_ids	*
adv_rel	cm_stem	*
adv_rel	cm_stem_ids	*
adv_rel	cm_suff_ids	*
adv_rel	correctness	y
adv_rel	d1seg	*
adv_rel	d1tok	*
adv_rel	d2seg	*
adv_rel	d2tok	*
adv_rel	d3Segmentation	*
adv_rel	d3Tokenization	*
adv_rel	diacritizedForm	*
adv_rel	enc0	0
adv_rel	enc1	0
adv_rel	enc2	0
adv_rel	form_gen	m
adv_rel	form_num	s
adv_rel	gen	-
adv_rel	gloss	*
adv_rel	lexicalForm	*
adv_rel	lex_logprob	*
adv_rel	mid_root_diac	na
adv_rel	mod	na
adv_rel	num	-
adv_rel	pattern	*
adv_rel	pattern_abstract	*
adv_rel	per	na
adv_rel	partOfSpeech	adv_rel
adv_rel	pos_lex_logprob	*
adv_rel	pos_logprob	*
adv_rel	prc0	0
adv_rel	prc1	0
adv_rel	prc1.5	0
adv_rel	prc2	0
adv_rel	prc3	0
adv_rel	rat	y
adv_rel	root	*
adv_rel	sourceType	lex
adv_rel	stem	*
adv_rel	stemCategory	*
adv_rel	stemgloss	*
adv_rel	stt	i
adv_rel	ud	*
adv_rel	vox	na
conj	asp	na
conj	atbSegmentation	*
conj	atbTokenization	*
conj	buckwalter	*
conj	bwtok	*
conj	caphi	*
conj	cas	na
conj	catib6	*
conj	cm_buffer	*
conj	cm_pref_ids	*
conj	cm_stem	*
conj	cm_stem_ids	*
conj	cm_suff_ids	*
conj	correctness	y
conj	d1seg	*
conj	d1tok	*
conj	d2seg	*
conj	d2tok	*
conj	d3Segmentation	*
conj	d3Tokenization	*
conj	diacritizedForm	*
conj	enc0	0
conj	enc1	0
conj	enc2	0
conj	form_gen	na
conj	form_num	na
conj	gen	na
conj	gloss	*
conj	lexicalForm	*
conj	lex_logprob	*
conj	mid_root_diac	na
conj	mod	na
conj	num	na
conj	pattern	*
conj	pattern_abstract	*
conj	per	na
conj	partOfSpeech	conj
conj	pos_lex_logprob	*
conj	pos_logprob	*
conj	prc0	0
conj	prc1	0
conj	prc1.5	0
conj	prc2	0
conj	prc3	0
conj	rat	na
conj	root	*
conj	sourceType	lex
conj	stem	*
conj	stemCategory	*
conj	stemgloss	*
conj	stt	na
conj	ud	*
conj	vox	na
part_connect	asp	na
part_connect	atbSegmentation	*
part_connect	atbTokenization	*
part_connect	buckwalter	*
part_connect	bwtok	*
part_connect	caphi	*
part_connect	cas	na
part_connect	catib6	*
part_connect	cm_buffer	*
part_connect	cm_pref_ids	*
part_connect	cm_stem	*
part_connect	cm_stem_ids	*
part_connect	cm_suff_ids	*
part_connect	correctness	y
part_connect	d1seg	*
part_connect	d1tok	*
part_connect	d2seg	*
part_connect	d2tok	*
part_connect	d3Segmentation	*
part_connect	d3Tokenization	*
part_connect	diacritizedForm	*
part_connect	enc0	0
part_connect	enc1	0
part_connect	enc2	0
part_connect	form_gen	na
part_connect	form_num	na
part_connect	gen	na
part_connect	gloss	*
part_connect	lexicalForm	*
part_connect	lex_logprob	*
part_connect	mid_root_diac	na
part_connect	mod	na
part_connect	num	na
part_connect	pattern	*
part_connect	pattern_abstract	*
part_connect	per	na
part_connect	partOfSpeech	part_connect
part_connect	pos_lex_logprob	*
part_connect	pos_logprob	*
part_connect	prc0	0
part_connect	prc1	0
part_connect	prc1.5	0
part_connect	prc2	0
part_connect	prc3	0
part_connect	rat	na
part_connect	root	*
part_connect	sourceType	lex
part_connect	stem	*
part_connect	stemCategory	*
part_connect	stemgloss	*
part_connect	stt	na
part_connect	ud	*
part_connect	vox	na
noun	asp	na
noun	atbSegmentation	*
noun	atbTokenization	*
noun	buckwalter	*
noun	bwtok	*
noun	caphi	*
noun	cas	u
noun	catib6	*
noun	cm_buffer	*
noun	cm_pref_ids	*
noun	cm_stem	*
noun	cm_stem_ids	*
noun	cm_suff_ids	*
noun	correctness	y
noun	d1seg	*
noun	d1tok	*
noun	d2seg	*
noun	d2tok	*
noun	d3Segmentation	*
noun	d3Tokenization	*
noun	diacritizedForm	*
noun	enc0	0
noun	enc1	0
noun	enc2	0
noun	form_gen	m
noun	form_num	s
noun	gen	-
noun	gloss	*
noun	lexicalForm	*
noun	lex_logprob	*
noun	mid_root_diac	na
noun	mod	na
noun	num	-
noun	pattern	*
noun	pattern_abstract	*
noun	per	na
noun	partOfSpeech	noun
noun	pos_lex_logprob	*
noun	pos_logprob	*
noun	prc0	0
noun	prc1	0
noun	prc1.5	0
noun	prc2	0
noun	prc3	0
noun	rat	i
noun	root	*
noun	sourceType	lex
noun	stem	*
noun	stemCategory	*
noun	stemgloss	*
noun	stt	i
noun	ud	*
noun	vox	na
part_interrog	asp	na
part_interrog	atbSegmentation	*
part_interrog	atbTokenization	*
part_interrog	buckwalter	*
part_interrog	bwtok	*
part_interrog	caphi	*
part_interrog	cas	na
part_interrog	catib6	*
part_interrog	cm_buffer	*
part_interrog	cm_pref_ids	*
part_interrog	cm_stem	*
part_interrog	cm_stem_ids	*
part_interrog	cm_suff_ids	*
part_interrog	correctness	y
part_interrog	d1seg	*
part_interrog	d1tok	*
part_interrog	d2seg	*
part_interrog	d2tok	*
part_interrog	d3Segmentation	*
part_interrog	d3Tokenization	*
part_interrog	diacritizedForm	*
part_interrog	enc0	0
part_interrog	enc1	0
part_interrog	enc2	0
part_interrog	form_gen	na
part_interrog	form_num	na
part_interrog	gen	na
part_interrog	gloss	*
part_interrog	lexicalForm	*
part_interrog	lex_logprob	*
part_interrog	mid_root_diac	na
part_interrog	mod	na
part_interrog	num	na
part_interrog	pattern	*
part_interrog	pattern_abstract	*
part_interrog	per	na
part_interrog	partOfSpeech	part_interrog
part_interrog	pos_lex_logprob	*
part_interrog	pos_logprob	*
part_interrog	prc0	0
part_interrog	prc1	0
part_interrog	prc1.5	0
part_interrog	prc2	0
part_interrog	prc3	0
part_interrog	rat	na
part_interrog	root	*
part_interrog	sourceType	lex
part_interrog	stem	*
part_interrog	stemCategory	*
part_interrog	stemgloss	*
part_interrog	stt	na
part_interrog	ud	*
part_interrog	vox	na
part_voc	asp	na
part_voc	atbSegmentation	*
part_voc	atbTokenization	*
part_voc	buckwalter	*
part_voc	bwtok	*
part_voc	caphi	*
part_voc	cas	na
part_voc	catib6	*
part_voc	cm_buffer	*
part_voc	cm_pref_ids	*
part_voc	cm_stem	*
part_voc	cm_stem_ids	*
part_voc	cm_suff_ids	*
part_voc	correctness	y
part_voc	d1seg	*
part_voc	d1tok	*
part_voc	d2seg	*
part_voc	d2tok	*
part_voc	d3Segmentation	*
part_voc	d3Tokenization	*
part_voc	diacritizedForm	*
part_voc	enc0	0
part_voc	enc1	0
part_voc	enc2	0
part_voc	form_gen	na
part_voc	form_num	na
part_voc	gen	na
part_voc	gloss	*
part_voc	lexicalForm	*
part_voc	lex_logprob	*
part_voc	mid_root_diac	na
part_voc	mod	na
part_voc	num	na
part_voc	pattern	*
part_voc	pattern_abstract	*
part_voc	per	na
part_voc	partOfSpeech	part_voc
part_voc	pos_lex_logprob	*
part_voc	pos_logprob	*
part_voc	prc0	0
part_voc	prc1	0
part_voc	prc1.5	0
part_voc	prc2	0
part_voc	prc3	0
part_voc	rat	na
part_voc	root	*
part_voc	sourceType	lex
part_voc	stem	*
part_voc	stemCategory	*
part_voc	stemgloss	*
part_voc	stt	na
part_voc	ud	*
part_voc	vox	na
part_focus	asp	na
part_focus	atbSegmentation	*
part_focus	atbTokenization	*
part_focus	buckwalter	*
part_focus	bwtok	*
part_focus	caphi	*
part_focus	cas	na
part_focus	catib6	*
part_focus	cm_buffer	*
part_focus	cm_pref_ids	*
part_focus	cm_stem	*
part_focus	cm_stem_ids	*
part_focus	cm_suff_ids	*
part_focus	correctness	y
part_focus	d1seg	*
part_focus	d1tok	*
part_focus	d2seg	*
part_focus	d2tok	*
part_focus	d3Segmentation	*
part_focus	d3Tokenization	*
part_focus	diacritizedForm	*
part_focus	enc0	0
part_focus	enc1	0
part_focus	enc2	0
part_focus	form_gen	na
part_focus	form_num	na
part_focus	gen	na
part_focus	gloss	*
part_focus	lexicalForm	*
part_focus	lex_logprob	*
part_focus	mid_root_diac	na
part_focus	mod	na
part_focus	num	na
part_focus	pattern	*
part_focus	pattern_abstract	*
part_focus	per	na
part_focus	partOfSpeech	part_focus
part_focus	pos_lex_logprob	*
part_focus	pos_logprob	*
part_focus	prc0	0
part_focus	prc1	0
part_focus	prc1.5	0
part_focus	prc2	0
part_focus	prc3	0
part_focus	rat	na
part_focus	root	*
part_focus	sourceType	lex
part_focus	stem	*
part_focus	stemCategory	*
part_focus	stemgloss	*
part_focus	stt	na
part_focus	ud	*
part_focus	vox	na
pron_exclam	asp	na
pron_exclam	atbSegmentation	*
pron_exclam	atbTokenization	*
pron_exclam	buckwalter	*
pron_exclam	bwtok	*
pron_exclam	caphi	*
pron_exclam	cas	u
pron_exclam	catib6	*
pron_exclam	cm_buffer	*
pron_exclam	cm_pref_ids	*
pron_exclam	cm_stem	*
pron_exclam	cm_stem_ids	*
pron_exclam	cm_suff_ids	*
pron_exclam	correctness	y
pron_exclam	d1seg	*
pron_exclam	d1tok	*
pron_exclam	d2seg	*
pron_exclam	d2tok	*
pron_exclam	d3Segmentation	*
pron_exclam	d3Tokenization	*
pron_exclam	diacritizedForm	*
pron_exclam	enc0	0
pron_exclam	enc1	0
pron_exclam	enc2	0
pron_exclam	form_gen	m
pron_exclam	form_num	s
pron_exclam	gen	-
pron_exclam	gloss	*
pron_exclam	lexicalForm	*
pron_exclam	lex_logprob	*
pron_exclam	mid_root_diac	na
pron_exclam	mod	na
pron_exclam	num	-
pron_exclam	pattern	*
pron_exclam	pattern_abstract	*
pron_exclam	per	na
pron_exclam	partOfSpeech	pron_exclam
pron_exclam	pos_lex_logprob	*
pron_exclam	pos_logprob	*
pron_exclam	prc0	0
pron_exclam	prc1	0
pron_exclam	prc1.5	0
pron_exclam	prc2	0
pron_exclam	prc3	0
pron_exclam	rat	y
pron_exclam	root	*
pron_exclam	sourceType	lex
pron_exclam	stem	*
pron_exclam	stemCategory	*
pron_exclam	stemgloss	*
pron_exclam	stt	i
pron_exclam	ud	*
pron_exclam	vox	na
