entry	scowlSize	tags	partOfSpeech	posClass	sourceLineNumber	scowlInfo
-	50		pn		431754	50
@thou	50		pn		390115	50
@whoso	60		pn		431932	60
a	35		d		7	35
aboard	35		pp		706	35
about	35		pp		859	35
above	35		pp		880	35
across	35		pp		3051	35
after	35		c		5892	35
after	35		pp		5894	35
against	35		pp		6044	35
ain't	35		s		7159	35
albeit	35		c		7990	35
alias	35		pp		8816	35
all	35		d		9129	35
all-around	35		d		9177	35
along	35		pp		10031	35
alongside	35		pp		10039	35
altho	35		c		10423	35
although	35		c		10422	35
amid	35		pp		11481	35
amidst	35		pp		11482	35
amidst	35	ukfreq	pp		11484	35 [ukfreq] 40
among	35		pp		11784	35
amongst	35		pp		11785	35
an	35		d		12312	35
and	35		c		13054	35
anent	60		c		13348	60
another	35		pn		14699	35
another	35		d		14701	35
anti	50		c		15311	50
any	35		d		17045	35
anybody	35		pn		17047	35
anyone	35		pn		17069	35
anything	35		pn		17077	35
aren't	35		s		19962	35
around	35		pp		20879	35
as	35		c		21619	35
as	35		pp		21621	35
aslant	50		c		22180	50
at	35		pp		23425	35
bar	35		c		29972	35
barring	35		pp		30889	35
because	35		c		32871	35
because	35		pp		32873	35
before	35		c		33566	35
before	35		pp		33568	35
behind	35		pp		33810	35
below	35		pp		34473	35
beneath	35		pp		34719	35
beside	35		pp		35659	35
besides	35		pp		35665	35
betcha	35		s		35932	35
between	35		pp		36119	35
beyond	35		pp		36297	35
both	35		d		44043	35
but	35		c		51109	35
by	35		pp		51558	35
c'mon	60	coca	s		71377	60 [coca]
can't	35		s		55039	35
certain	35		pn		61286	35
chez	60	5desk coca moby	pp		64504	60 [coca] 70 [5desk] [moby] 80
circa	35		c		68040	35
considering	35		c		79079	35
considering	35		pp		79081	35
cos	60		c		83249	60
could've	50	+ 3of6	s		83995	50 [+] 70 [3of6]
couldn't	35		s		83989	35
cum	60		c		89552	60
despite	35		pp		100095	35
didn't	35		s		102528	35
doesn't	35		s		108662	35
don't	35		s		109660	35
down	35		pp		110821	35
dunno	35		s		113908	35
during	35		pp		114181	35
each	35		pn		115030	35
each	35		d		115032	35
either	35		c		117697	35
either	35		d		117699	35
enough	35		c		122429	35
enough	35		d		122431	35
ere	50		c		124948	50
ere	50		pp		124950	50
ergo	35	ukfreq	c		125066	35 [ukfreq] 60
even	35		c		128010	35
every	35		d		128181	35
everybody	35		pn		128185	35
everyone	35		pn		128203	35
everything	35		pn		128213	35
ex	40		pp		128433	40
except	35		c		128680	35
except	35		pp		128682	35
excepting	35	ukfreq	pp		128690	35 [ukfreq] 50
excluding	35	ukfreq	pp		128888	35 [ukfreq] 40
failing	35		c		131957	35
few	35		d		135845	35
following	35		pp		141395	35
for	35		pp		141900	35
former	35		d		143009	35
from	35		pp		146052	35
gimme	35	+	s		153682	35 [+] 60
given	35		c		154096	35
gonna	35		s		156995	35
gotta	40		s		157858	40
hadn't	40		s		163683	40
half	35		d		164370	35
hasn't	40		s		167003	40
haven't	35		s		167444	35
he	35		pn		167838	35
he'd	40		s		168893	40
he'll	40		s		169511	40
he's	35		s		171497	35
here's	60		s		171029	60
how	35		c		178112	35
how'd	60	extra	s		178126	60 [extra] 80
how're	60	extra	s		178196	60 [extra] 80
how's	60		s		178198	60
however	35		c		178165	35
I	35		pn		182005	35
I'd	40		s	upper?	182658	40
I'll	40		s	upper?	183393	40
I'm	35		s	upper?	183798	35
I've	40		s	upper?	197336	40
idem	60		pn		182780	60
if	35		c		183105	35
in	35		pp		185833	35
in so far as	40		c		191196	40
inasmuch as	35		c		186118	35
including	35		pp		186646	35
inside	35		pp		191067	35
insofar as	40		c		191195	40
into	35		pp		193834	35
isn't	35		s		196473	35
it	35		pn		197077	35
it'd	40		s		197189	40
it'll	40		s		197271	40
it's	35		s		197282	35
kinda	35		s		205063	35
lacking	35	ukfreq	c		208313	35 [ukfreq] 40
latter	35		d		211248	35
lemme	35		s		213399	35
less	35		pp		214050	35
lest	35		c		214101	35
let's	40		s		214202	40
like	35		c		215945	35
like	35		pp		215947	35
little	35		d		217853	35
many	35		d		227210	35
mid	50		c		236528	50
midst	35		c		236894	35
might've	60	3of6 extra	s		237052	60 [extra] 70 [3of6] 80
mightn't	60		s		237048	60
minus	35		pp		238644	35
much	35		d		245785	35
must've	60	extra	s		248131	60 [extra]
mustn't	40		s		248127	40
nay	35		c		250882	35
near	35		pp		251080	35
neath	50		pp		251133	50
neither	35		c		251884	35
neither	35		d		251886	35
nigh	35	ukfreq	c		254338	35 [ukfreq] 50
no	35		d		255244	35
nobody	35		pn		255347	35
none	35		pn		256925	35
nor	35		c		259199	35
nothing	35		pn		260053	35
nothing's	60	coca	s		260068	60 [coca]
notwithstanding	35		pp		260214	35
now	35		c		260448	35
of	35		pp		263662	35
off	35		pp		263680	35
on	35		pp		265411	35
once	35		c		265479	35
one	35		pn		265573	35
only	35		c		265820	35
onto	35		pp		265992	35
opposite	35		pp		266893	35
or	35		c		267159	35
other	35		pn		269397	35
out	35		pp		269695	35
outside	35		pp		270599	35
over	35		pp		270993	35
own	35		d		273296	35
pace	35		pp		273820	35
past	35		pp		279228	35
pending	35		pp		282029	35
per	35		pp		282998	35
plenty	35		pn		292849	35
plus	35		c		293590	35
plus	35		pp		293592	35
pro	35		pp		303437	35
provided	35		c		306321	35
providing	35	ukfreq	c		306344	35 [ukfreq] 40
pushing	35	ukfreq	c		309330	35 [ukfreq] 60
re	35		pp		315683	35
round	35		pp		330397	35
same	35		d		334696	35
sans	50		c		335443	50
save	35		pp		336903	35
seeing	35	ukfreq	c		342362	35 [ukfreq] 50
several	35		d		346035	35
shan't	50		s		347005	50
she	35		pn		347431	35
she'd	40		s		347535	40
she'll	40		s		347805	40
she's	40		s		348110	40
should've	50	+ 3of6 extra	s		349505	50 [+] 60 [extra] 70 [3of6]
shouldn't	40		s		349499	40
since	35		c		351898	35
since	35		pp		351900	35
so	35		c		357147	35
some	35		d		358758	35
somebody	35		pn		358764	35
someone	35		pn		358778	35
something	35		pn		358806	35
somewhat	35		d		358828	35
sorta	35		s		359655	35
such	35		d		374263	35
supposing	35	ukfreq	c		377088	35 [ukfreq] 40
than	35		c		388082	35
than	35		pp		388084	35
that	35		c		388207	35
that	35		d		388209	35
that'd	60	+	s		388235	60 [+]
that'll	60	+	s		388239	60 [+]
that's	35		s		388243	35
the	35		d		388307	35
there'll	50	coca	s		388882	50 [coca]
there's	35		s		388898	35
they	35		pn		389376	35
they'd	40		s		389378	40
they'll	40		s		389380	40
they're	35		s		389382	35
they've	40		s		389384	40
this	35		d		389834	35
tho	50		c		389876	50
though	35		c		390121	35
through	35		pp		390580	35
throughout	35		pp		390600	35
thru	35		pp		390581	35
till	35		c		391701	35
till	35		pp		391703	35
times	35		pp		391976	35
to	35		pp		393025	35
touching	35		c		395339	35
toward	35		pp		395586	35
towards	35		pp		395598	35
twas	60		s		402984	60
tween	60		c		403050	60
twixt	60		c		403402	60
under	35		pp		407640	35
underneath	35		pp		408060	35
unless	35		c		411478	35
unlike	35		pp		411516	35
until	35		c		415296	35
until	35		pp		415298	35
unto	35	ukfreq	pp		415339	35 [ukfreq] 50
up	35		pp		416103	35
upon	35		pp		416461	35
upside	35	ukfreq	c		416669	35 [ukfreq] 50
versus	35		pp		421297	35
via	35		pp		421725	35
vice	35		pp		421920	35
wanna	35		s		426436	35
wasn't	35		s		427243	35
we	35		pn		428465	35
we'd	40		s		428929	40
we'll	40		s		429404	40
we're	35		s		429873	35
we've	40		s		430180	40
well	35		pp		429400	35
weren't	40		s		429877	40
what	35		d		430316	35
what's	40		s		430353	40
whatever	35		d		430332	35
whatsoever	35		d		430379	35
when	35		c		430591	35
when's	60	coca	s		430615	60 [coca]
whence	35	ukfreq	c		430599	35 [ukfreq] 50
whenever	35		c		430613	35
whensoever	60		c		430621	60
where	35		c		430629	35
where'd	50	coca	s		430647	50 [coca]
where's	60		s		430673	60
whereas	35		c		430639	35
wheresoever	50		c		430679	50
whereto	60		c		430685	60
whereupon	35		c		430693	35
wherever	35		c		430697	35
wherewith	60		c		430699	60
whether	35		c		430721	35
which	35		d		430760	35
whichever	35		d		430762	35
while	35		c		430837	35
whilst	35	ukfreq	c		430851	35 [ukfreq] 50
whither	50		c		431584	50
who	35		pn		431728	35
who'd	40		s		431742	40
who'll	40		s		431831	40
who're	40		s		431884	40
who's	40		s		431922	40
who've	40		s		431936	40
whoever	35		pn		431753	35
whose	35		d		431924	35
whosoever	50		pn		431934	50
why	35		c		431952	35
why'd	60		s		431958	60
with	35		pp		433987	35
within	35		pp		434061	35
without	35		pp		434079	35
won't	35		s		434667	35
worth	35		pp		435813	35
would've	40	+	s		435888	40 50 [+]
wouldn't	35		s		435882	35
y'know	60	coca	s		438326	60 [coca]
ya	35		pn		438588	35
ya	60		pn		438589	60
ye	35		d		388308	35
yet	35		c		438194	35
you	35		pn		438587	35
you'd	40		s		438593	40
you'll	40		s		438603	40
you're	35		s		438664	35
you've	40		s		438717	40
