kind	code	replacement	reason
language	aa-saaho	ssy	deprecated
language	aam	aas	deprecated
language	aar	aa	overlong
language	abk	ab	overlong
language	adp	dz	deprecated
language	afr	af	overlong
language	agp	apf	deprecated
language	ais	ami	deprecated
language	ajp	apc	deprecated
language	ajt	aeb	deprecated
language	aju	jrb	macrolanguage
language	aka	ak	overlong
language	alb	sq	bibliographic
language	als	sq	macrolanguage
language	amh	am	overlong
language	ara	ar	overlong
language	arb	ar	macrolanguage
language	arg	an	overlong
language	arm	hy	bibliographic
language	art-lojban	jbo	deprecated
language	asd	snz	deprecated
language	asm	as	overlong
language	aue	ktz	deprecated
language	ava	av	overlong
language	ave	ae	overlong
language	aym	ay	overlong
language	ayr	ay	macrolanguage
language	ayx	nun	deprecated
language	aze	az	overlong
language	azj	az	macrolanguage
language	bak	ba	overlong
language	bam	bm	overlong
language	baq	eu	bibliographic
language	baz	nvo	deprecated
language	bcc	bal	macrolanguage
language	bcl	bik	macrolanguage
language	bel	be	overlong
language	ben	bn	overlong
language	bgm	bcg	deprecated
language	bh	bho	macrolanguage
language	bhk	fbl	deprecated
language	bic	bir	deprecated
language	bih	bho	overlong
language	bis	bi	overlong
language	bjd	drl	deprecated
language	bjq	bzc	deprecated
language	bkb	ebk	deprecated
language	blg	iba	deprecated
language	bod	bo	overlong
language	bos	bs	overlong
language	bre	br	overlong
language	btb	beb	deprecated
language	bul	bg	overlong
language	bur	my	bibliographic
language	bxk	luy	macrolanguage
language	bxr	bua	macrolanguage
language	cat	ca	overlong
language	ccq	rki	deprecated
language	cel-gaulish	xtg	legacy
language	ces	cs	overlong
language	cha	ch	overlong
language	che	ce	overlong
language	chi	zh	bibliographic
language	chu	cu	overlong
language	chv	cv	overlong
language	cjr	mom	deprecated
language	cka	cmr	deprecated
language	cld	syr	macrolanguage
language	cls	sa	macrolanguage
language	cmk	xch	deprecated
language	cmn	zh	macrolanguage
language	cnr	sr-ME	legacy
language	cor	kw	overlong
language	cos	co	overlong
language	coy	pij	deprecated
language	cqu	quh	deprecated
language	cre	cr	overlong
language	cwd	cr	macrolanguage
language	cym	cy	overlong
language	cze	cs	bibliographic
language	daf	dnj	deprecated
language	dan	da	overlong
language	dap	njz	deprecated
language	dek	sqm	deprecated
language	deu	de	overlong
language	dgo	doi	macrolanguage
language	dhd	mwr	macrolanguage
language	dik	din	macrolanguage
language	diq	zza	macrolanguage
language	dit	dif	deprecated
language	div	dv	overlong
language	djl	dze	deprecated
language	dkl	aqd	deprecated
language	drh	mn	deprecated
language	drr	kzk	deprecated
language	drw	fa-AF	deprecated
language	dud	uth	deprecated
language	duj	dwu	deprecated
language	dut	nl	bibliographic
language	dwl	dbt	deprecated
language	dzo	dz	overlong
language	ekk	et	macrolanguage
language	ell	el	overlong
language	elp	amq	deprecated
language	emk	man	macrolanguage
language	en-GB-oed	en-GB-oxendict	deprecated
language	eng	en	overlong
language	epo	eo	overlong
language	esk	ik	macrolanguage
language	est	et	overlong
language	eus	eu	overlong
language	ewe	ee	overlong
language	fao	fo	overlong
language	fas	fa	overlong
language	fat	ak	macrolanguage
language	fij	fj	overlong
language	fin	fi	overlong
language	fra	fr	overlong
language	fre	fr	bibliographic
language	fry	fy	overlong
language	fuc	ff	macrolanguage
language	ful	ff	overlong
language	gav	dev	deprecated
language	gaz	om	macrolanguage
language	gbc	wny	deprecated
language	gbo	grb	macrolanguage
language	geo	ka	bibliographic
language	ger	de	bibliographic
language	gfx	vaj	deprecated
language	ggn	gvr	deprecated
language	ggo	esg	deprecated
language	ggr	gtu	deprecated
language	gio	aou	deprecated
language	gla	gd	overlong
language	gle	ga	overlong
language	glg	gl	overlong
language	gli	kzk	deprecated
language	glv	gv	overlong
language	gno	gon	macrolanguage
language	gom	kok	macrolanguage
language	gre	el	bibliographic
language	grn	gn	overlong
language	gti	nyc	deprecated
language	gug	gn	macrolanguage
language	guj	gu	overlong
language	guv	duz	deprecated
language	gya	gba	macrolanguage
language	hat	ht	overlong
language	hau	ha	overlong
language	hbs	sr-Latn	overlong
language	hdn	hai	macrolanguage
language	hea	hmn	macrolanguage
language	heb	he	overlong
language	her	hz	overlong
language	him	srx	macrolanguage
language	hin	hi	overlong
language	hmo	ho	overlong
language	hrr	jal	deprecated
language	hrv	hr	overlong
language	hun	hu	overlong
language	hy-arevmda	hyw	deprecated
language	hye	hy	overlong
language	i-ami	ami	deprecated
language	i-bnn	bnn	deprecated
language	i-default	en-x-i-default	legacy
language	i-enochian	und-x-i-enochian	legacy
language	i-hak	hak	deprecated
language	i-klingon	tlh	deprecated
language	i-lux	lb	deprecated
language	i-mingo	see-x-i-mingo	legacy
language	i-navajo	nv	deprecated
language	i-pwn	pwn	deprecated
language	i-tao	tao	deprecated
language	i-tay	tay	deprecated
language	i-tsu	tsu	deprecated
language	ibi	opa	deprecated
language	ibo	ig	overlong
language	ice	is	bibliographic
language	ido	io	overlong
language	iii	ii	overlong
language	ike	iu	macrolanguage
language	iku	iu	overlong
language	ile	ie	overlong
language	ill	ilm	deprecated
language	ilw	gal	deprecated
language	in	id	deprecated
language	ina	ia	overlong
language	ind	id	overlong
language	ipk	ik	overlong
language	isl	is	overlong
language	ita	it	overlong
language	iw	he	deprecated
language	izi	eza	deprecated
language	jar	jgk	deprecated
language	jav	jv	overlong
language	jeg	oyb	deprecated
language	ji	yi	deprecated
language	jpn	ja	overlong
language	jw	jv	deprecated
language	kal	kl	overlong
language	kan	kn	overlong
language	kas	ks	overlong
language	kat	ka	overlong
language	kau	kr	overlong
language	kaz	kk	overlong
language	kdv	zkd	deprecated
language	kgc	tdf	deprecated
language	kgd	ncq	deprecated
language	kgh	kml	deprecated
language	kgm	plu	deprecated
language	khk	mn	macrolanguage
language	khm	km	overlong
language	kik	ki	overlong
language	kin	rw	overlong
language	kir	ky	overlong
language	kmr	ku	macrolanguage
language	knc	kr	macrolanguage
language	kng	kg	macrolanguage
language	koj	kwv	deprecated
language	kom	kv	overlong
language	kon	kg	overlong
language	kor	ko	overlong
language	kpp	jkm	deprecated
language	kpv	kv	macrolanguage
language	krm	bmf	deprecated
language	ktr	dtp	deprecated
language	kua	kj	overlong
language	kur	ku	overlong
language	kvs	gdj	deprecated
language	kwq	yam	deprecated
language	kxe	tvd	deprecated
language	kxl	kru	deprecated
language	kzh	dgl	deprecated
language	kzj	dtp	deprecated
language	kzt	dtp	deprecated
language	lak	ksp	deprecated
language	lao	lo	overlong
language	lat	la	overlong
language	lav	lv	overlong
language	lbk	bnc	macrolanguage
language	leg	enl	deprecated
language	lii	raq	deprecated
language	lim	li	overlong
language	lin	ln	overlong
language	lit	lt	overlong
language	llo	ngt	deprecated
language	lmm	rmx	deprecated
language	ltz	lb	overlong
language	lub	lu	overlong
language	lug	lg	overlong
language	lvs	lv	macrolanguage
language	mac	mk	bibliographic
language	mah	mh	overlong
language	mal	ml	overlong
language	mao	mi	bibliographic
language	mar	mr	overlong
language	may	ms	bibliographic
language	meg	cir	deprecated
language	mgx	jbk	deprecated
language	mhr	chm	macrolanguage
language	mkd	mk	overlong
language	mlg	mg	overlong
language	mlt	mt	overlong
language	mnt	wnn	deprecated
language	mo	ro	deprecated
language	mof	xnt	deprecated
language	mol	ro	overlong
language	mon	mn	overlong
language	mri	mi	overlong
language	msa	ms	overlong
language	mst	mry	deprecated
language	mup	raj	macrolanguage
language	mwd	dmw	deprecated
language	mwj	vaj	deprecated
language	mya	my	overlong
language	myd	aog	deprecated
language	myt	mry	deprecated
language	nad	xny	deprecated
language	nau	na	overlong
language	nav	nv	overlong
language	nbf	nru	deprecated
language	nbl	nr	overlong
language	nbx	gll	deprecated
language	ncp	kdz	deprecated
language	nde	nd	overlong
language	ndo	ng	overlong
language	nep	ne	overlong
language	nld	nl	overlong
language	nln	azd	deprecated
language	nlr	nrk	deprecated
language	nno	nn	overlong
language	nns	nbr	deprecated
language	nnx	ngv	deprecated
language	no-bok	nb	deprecated
language	no-bokmal	nb	deprecated
language	no-nyn	nn	deprecated
language	no-nynorsk	nn	deprecated
language	nob	nb	overlong
language	nom	cbr	deprecated
language	noo	dtd	deprecated
language	nor	no	overlong
language	npi	ne	macrolanguage
language	nte	eko	deprecated
language	nts	pij	deprecated
language	nxu	bpp	deprecated
language	nya	ny	overlong
language	oci	oc	overlong
language	ojg	oj	macrolanguage
language	oji	oj	overlong
language	ori	or	overlong
language	orm	om	overlong
language	ory	or	macrolanguage
language	oss	os	overlong
language	oun	vaj	deprecated
language	pan	pa	overlong
language	pat	kxr	deprecated
language	pbu	ps	macrolanguage
language	pcr	adx	deprecated
language	per	fa	bibliographic
language	pes	fa	macrolanguage
language	pli	pi	overlong
language	plt	mg	macrolanguage
language	pmc	huw	deprecated
language	pmk	crr	deprecated
language	pmu	phr	deprecated
language	pnb	lah	macrolanguage
language	pol	pl	overlong
language	por	pt	overlong
language	ppa	bfy	deprecated
language	ppr	lcq	deprecated
language	prp	gu	deprecated
language	prs	fa-AF	overlong
language	pry	prt	deprecated
language	pus	ps	overlong
language	puz	pub	deprecated
language	que	qu	overlong
language	quz	qu	macrolanguage
language	rmr	emx	deprecated
language	rmy	rom	macrolanguage
language	roh	rm	overlong
language	ron	ro	overlong
language	rum	ro	bibliographic
language	run	rn	overlong
language	rus	ru	overlong
language	sag	sg	overlong
language	san	sa	overlong
language	sap	aqt	deprecated
language	sca	hle	deprecated
language	scc	sr	deprecated
language	scr	hr	deprecated
language	sgl	isk	deprecated
language	sgn-BE-FR	sfb	deprecated
language	sgn-BE-NL	vgt	deprecated
language	sgn-BR	bzs	deprecated
language	sgn-CH-DE	sgg	deprecated
language	sgn-CO	csn	deprecated
language	sgn-DE	gsg	deprecated
language	sgn-DK	dsl	deprecated
language	sgn-ES	ssp	deprecated
language	sgn-FR	fsl	deprecated
language	sgn-GB	bfi	deprecated
language	sgn-GR	gss	deprecated
language	sgn-IE	isg	deprecated
language	sgn-IT	ise	deprecated
language	sgn-JP	jsl	deprecated
language	sgn-MX	mfs	deprecated
language	sgn-NI	ncs	deprecated
language	sgn-NL	dse	deprecated
language	sgn-NO	nsi	deprecated
language	sgn-PT	psr	deprecated
language	sgn-SE	swl	deprecated
language	sgn-US	ase	deprecated
language	sgn-ZA	sfs	deprecated
language	sh	sr-Latn	legacy
language	sin	si	overlong
language	skk	oyb	deprecated
language	slk	sk	overlong
language	slo	sk	bibliographic
language	slv	sl	overlong
language	smd	kmb	deprecated
language	sme	se	overlong
language	smo	sm	overlong
language	sna	sn	overlong
language	snb	iba	deprecated
language	snd	sd	overlong
language	som	so	overlong
language	sot	st	overlong
language	spa	es	overlong
language	spy	kln	macrolanguage
language	sqi	sq	overlong
language	src	sc	macrolanguage
language	srd	sc	overlong
language	srp	sr	overlong
language	ssw	ss	overlong
language	sul	sgd	deprecated
language	sum	ulw	deprecated
language	sun	su	overlong
language	swa	sw	overlong
language	swc	sw-CD	overlong
language	swe	sv	overlong
language	swh	sw	macrolanguage
language	szd	umi	deprecated
language	tah	ty	overlong
language	tam	ta	overlong
language	tat	tt	overlong
language	tdu	dtp	deprecated
language	tel	te	overlong
language	tgg	bjp	deprecated
language	tgk	tg	overlong
language	tgl	fil	overlong
language	tha	th	overlong
language	thc	tpo	deprecated
language	thw	ola	deprecated
language	thx	oyb	deprecated
language	tib	bo	bibliographic
language	tid	itd	deprecated
language	tie	ras	deprecated
language	tir	ti	overlong
language	tkk	twm	deprecated
language	tl	fil	legacy
language	tlw	weo	deprecated
language	tmk	tdg	deprecated
language	tmp	tyj	deprecated
language	tne	kak	deprecated
language	tnf	fa-AF	deprecated
language	ton	to	overlong
language	tpw	tpn	deprecated
language	tsf	taj	deprecated
language	tsn	tn	overlong
language	tso	ts	overlong
language	ttq	tmh	macrolanguage
language	tuk	tk	overlong
language	tur	tr	overlong
language	tw	ak	macrolanguage
language	twi	ak	overlong
language	uig	ug	overlong
language	ukr	uk	overlong
language	umu	del	macrolanguage
language	und-aaland	und-AX	deprecated
language	und-arevela	und	deprecated
language	und-arevmda	und	deprecated
language	und-bokmal	und	deprecated
language	und-hakka	und	deprecated
language	und-hepburn-heploc	und-alalc97	deprecated
language	und-lojban	und	deprecated
language	und-nynorsk	und	deprecated
language	und-saaho	und	deprecated
language	und-xiang	und	deprecated
language	unp	wro	deprecated
language	uok	ema	deprecated
language	urd	ur	overlong
language	uzb	uz	overlong
language	uzn	uz	macrolanguage
language	ven	ve	overlong
language	vie	vi	overlong
language	vol	vo	overlong
language	wel	cy	bibliographic
language	wgw	wgb	deprecated
language	wit	nol	deprecated
language	wiw	nwo	deprecated
language	wln	wa	overlong
language	wol	wo	overlong
language	xba	cax	deprecated
language	xho	xh	overlong
language	xia	acn	deprecated
language	xkh	waw	deprecated
language	xpe	kpe	macrolanguage
language	xrq	dmw	deprecated
language	xsj	suj	deprecated
language	xsl	den	macrolanguage
language	xss	zko	deprecated
language	ybd	rki	deprecated
language	ydd	yi	macrolanguage
language	yen	ynq	deprecated
language	yid	yi	overlong
language	yiy	yrm	deprecated
language	yma	lrr	deprecated
language	ymt	mtm	deprecated
language	yor	yo	overlong
language	yos	zom	deprecated
language	yuu	yug	deprecated
language	zai	zap	macrolanguage
language	zh-cmn	zh	deprecated
language	zh-cmn-Hans	zh-Hans	deprecated
language	zh-cmn-Hant	zh-Hant	deprecated
language	zh-gan	gan	deprecated
language	zh-guoyu	zh	deprecated
language	zh-hakka	hak	deprecated
language	zh-min	nan-x-zh-min	legacy
language	zh-min-nan	nan	deprecated
language	zh-wuu	wuu	deprecated
language	zh-xiang	hsn	deprecated
language	zh-yue	yue	deprecated
language	zha	za	overlong
language	zho	zh	overlong
language	zir	scv	deprecated
language	zkb	kjh	deprecated
language	zsm	ms	macrolanguage
language	zul	zu	overlong
language	zyb	za	macrolanguage
script	Qaai	Zinh	deprecated
subdivision	cn11	cnbj	deprecated
subdivision	cn12	cntj	deprecated
subdivision	cn13	cnhe	deprecated
subdivision	cn14	cnsx	deprecated
subdivision	cn15	cnmn	deprecated
subdivision	cn21	cnln	deprecated
subdivision	cn22	cnjl	deprecated
subdivision	cn23	cnhl	deprecated
subdivision	cn31	cnsh	deprecated
subdivision	cn32	cnjs	deprecated
subdivision	cn33	cnzj	deprecated
subdivision	cn34	cnah	deprecated
subdivision	cn35	cnfj	deprecated
subdivision	cn36	cnjx	deprecated
subdivision	cn37	cnsd	deprecated
subdivision	cn41	cnha	deprecated
subdivision	cn42	cnhb	deprecated
subdivision	cn43	cnhn	deprecated
subdivision	cn44	cngd	deprecated
subdivision	cn45	cngx	deprecated
subdivision	cn46	cnhi	deprecated
subdivision	cn50	cncq	deprecated
subdivision	cn51	cnsc	deprecated
subdivision	cn52	cngz	deprecated
subdivision	cn53	cnyn	deprecated
subdivision	cn54	cnxz	deprecated
subdivision	cn61	cnsn	deprecated
subdivision	cn62	cngs	deprecated
subdivision	cn63	cnqh	deprecated
subdivision	cn64	cnnx	deprecated
subdivision	cn65	cnxj	deprecated
subdivision	cn71	TW	overlong
subdivision	cn91	HK	overlong
subdivision	cn92	MO	overlong
subdivision	cz10a	cz110	deprecated
subdivision	cz10b	cz111	deprecated
subdivision	cz10c	cz112	deprecated
subdivision	cz10d	cz113	deprecated
subdivision	cz10e	cz114	deprecated
subdivision	cz10f	cz115	deprecated
subdivision	cz611	cz663	deprecated
subdivision	cz612	cz632	deprecated
subdivision	cz613	cz633	deprecated
subdivision	cz614	cz634	deprecated
subdivision	cz615	cz635	deprecated
subdivision	cz621	cz641	deprecated
subdivision	cz622	cz642	deprecated
subdivision	cz623	cz643	deprecated
subdivision	cz624	cz644	deprecated
subdivision	cz626	cz646	deprecated
subdivision	cz627	cz647	deprecated
subdivision	czjc	cz31	deprecated
subdivision	czjm	cz64	deprecated
subdivision	czka	cz41	deprecated
subdivision	czkr	cz52	deprecated
subdivision	czli	cz51	deprecated
subdivision	czmo	cz80	deprecated
subdivision	czol	cz71	deprecated
subdivision	czpa	cz53	deprecated
subdivision	czpl	cz32	deprecated
subdivision	czpr	cz10	deprecated
subdivision	czst	cz20	deprecated
subdivision	czus	cz42	deprecated
subdivision	czvy	cz63	deprecated
subdivision	czzl	cz72	deprecated
subdivision	fi01	AX	overlong
subdivision	fra	frges	deprecated
subdivision	frb	frnaq	deprecated
subdivision	frbl	BL	overlong
subdivision	frc	frara	deprecated
subdivision	frcp	CP	overlong
subdivision	frd	frbfc	deprecated
subdivision	fre	frbre	deprecated
subdivision	frf	frcvl	deprecated
subdivision	frg	frges	deprecated
subdivision	frgf	GF	overlong
subdivision	frgp	GP	overlong
subdivision	frgua	GP	deprecated
subdivision	frh	frcor	deprecated
subdivision	fri	frbfc	deprecated
subdivision	frj	fridf	deprecated
subdivision	frk	frocc	deprecated
subdivision	frl	frnaq	deprecated
subdivision	frlre	RE	deprecated
subdivision	frm	frges	deprecated
subdivision	frmay	YT	deprecated
subdivision	frmf	MF	overlong
subdivision	frmq	MQ	overlong
subdivision	frn	frocc	deprecated
subdivision	frnc	NC	overlong
subdivision	fro	frhdf	deprecated
subdivision	frp	frnor	deprecated
subdivision	frpf	PF	overlong
subdivision	frpm	PM	overlong
subdivision	frq	frnor	deprecated
subdivision	frr	frpdl	deprecated
subdivision	frre	RE	overlong
subdivision	frs	frhdf	deprecated
subdivision	frt	frnaq	deprecated
subdivision	frtf	TF	overlong
subdivision	fru	frpac	deprecated
subdivision	frv	frara	deprecated
subdivision	frwf	WF	overlong
subdivision	fryt	YT	overlong
subdivision	laxn	laxs	deprecated
subdivision	lud	lucl ludi lurd luvd luwi	deprecated
subdivision	lug	luec lugr lurm	deprecated
subdivision	lul	luca lues lulu lume	deprecated
subdivision	mrnkc	mr13 mr14 mr15	deprecated
subdivision	nlaw	AW	overlong
subdivision	nlcw	CW	overlong
subdivision	nlsx	SX	overlong
subdivision	no23	no50	deprecated
subdivision	nzn	nzauk nzbop nzgis nzhkb nzmwt nzntl nztki nzwgn nzwko	deprecated
subdivision	nzs	nzcan nzmbh nznsn nzota nzstl nztas nzwtc	deprecated
subdivision	omba	ombj ombs	deprecated
subdivision	omsh	omsj omss	deprecated
subdivision	plds	pl02	deprecated
subdivision	plkp	pl04	deprecated
subdivision	pllb	pl08	deprecated
subdivision	plld	pl10	deprecated
subdivision	pllu	pl06	deprecated
subdivision	plma	pl12	deprecated
subdivision	plmz	pl14	deprecated
subdivision	plop	pl16	deprecated
subdivision	plpd	pl20	deprecated
subdivision	plpk	pl18	deprecated
subdivision	plpm	pl22	deprecated
subdivision	plsk	pl26	deprecated
subdivision	plsl	pl24	deprecated
subdivision	plwn	pl28	deprecated
subdivision	plwp	pl30	deprecated
subdivision	plzp	pl32	deprecated
subdivision	shta	TA	overlong
subdivision	tteto	tttob	deprecated
subdivision	ttrcm	ttmrc	deprecated
subdivision	ttwto	tttob	deprecated
subdivision	twkhq	twkhh	deprecated
subdivision	twtnq	twtnn	deprecated
subdivision	twtpq	twnwt	deprecated
subdivision	twtxq	twtxg	deprecated
subdivision	usas	AS	overlong
subdivision	usgu	GU	overlong
subdivision	usmp	MP	overlong
subdivision	uspr	PR	overlong
subdivision	usum	UM	overlong
subdivision	usvi	VI	overlong
territory	004	AF	overlong
territory	008	AL	overlong
territory	010	AQ	overlong
territory	012	DZ	overlong
territory	016	AS	overlong
territory	020	AD	overlong
territory	024	AO	overlong
territory	028	AG	overlong
territory	031	AZ	overlong
territory	032	AR	overlong
territory	036	AU	overlong
territory	040	AT	overlong
territory	044	BS	overlong
territory	048	BH	overlong
territory	050	BD	overlong
territory	051	AM	overlong
territory	052	BB	overlong
territory	056	BE	overlong
territory	060	BM	overlong
territory	062	034 143	deprecated
territory	064	BT	overlong
territory	068	BO	overlong
territory	070	BA	overlong
territory	072	BW	overlong
territory	074	BV	overlong
territory	076	BR	overlong
territory	084	BZ	overlong
territory	086	IO	overlong
territory	090	SB	overlong
territory	092	VG	overlong
territory	096	BN	overlong
territory	100	BG	overlong
territory	104	MM	overlong
territory	108	BI	overlong
territory	112	BY	overlong
territory	116	KH	overlong
territory	120	CM	overlong
territory	124	CA	overlong
territory	132	CV	overlong
territory	136	KY	overlong
territory	140	CF	overlong
territory	144	LK	overlong
territory	148	TD	overlong
territory	152	CL	overlong
territory	156	CN	overlong
territory	158	TW	overlong
territory	162	CX	overlong
territory	166	CC	overlong
territory	170	CO	overlong
territory	172	RU AM AZ BY GE KG KZ MD TJ TM UA UZ	deprecated
territory	174	KM	overlong
territory	175	YT	overlong
territory	178	CG	overlong
territory	180	CD	overlong
territory	184	CK	overlong
territory	188	CR	overlong
territory	191	HR	overlong
territory	192	CU	overlong
territory	196	CY	overlong
territory	200	CZ SK	deprecated
territory	203	CZ	overlong
territory	204	BJ	overlong
territory	208	DK	overlong
territory	212	DM	overlong
territory	214	DO	overlong
territory	218	EC	overlong
territory	222	SV	overlong
territory	226	GQ	overlong
territory	230	ET	deprecated
territory	231	ET	overlong
territory	232	ER	overlong
territory	233	EE	overlong
territory	234	FO	overlong
territory	238	FK	overlong
territory	239	GS	overlong
territory	242	FJ	overlong
territory	246	FI	overlong
territory	248	AX	overlong
territory	249	FR	overlong
territory	250	FR	overlong
territory	254	GF	overlong
territory	258	PF	overlong
territory	260	TF	overlong
territory	262	DJ	overlong
territory	266	GA	overlong
territory	268	GE	overlong
territory	270	GM	overlong
territory	275	PS	overlong
territory	276	DE	overlong
territory	278	DE	overlong
territory	280	DE	deprecated
territory	288	GH	overlong
territory	292	GI	overlong
territory	296	KI	overlong
territory	300	GR	overlong
territory	304	GL	overlong
territory	308	GD	overlong
territory	312	GP	overlong
territory	316	GU	overlong
territory	320	GT	overlong
territory	324	GN	overlong
territory	328	GY	overlong
territory	332	HT	overlong
territory	334	HM	overlong
territory	336	VA	overlong
territory	340	HN	overlong
territory	344	HK	overlong
territory	348	HU	overlong
territory	352	IS	overlong
territory	356	IN	overlong
territory	360	ID	overlong
territory	364	IR	overlong
territory	368	IQ	overlong
territory	372	IE	overlong
territory	376	IL	overlong
territory	380	IT	overlong
territory	384	CI	overlong
territory	388	JM	overlong
territory	392	JP	overlong
territory	398	KZ	overlong
territory	400	JO	overlong
territory	404	KE	overlong
territory	408	KP	overlong
territory	410	KR	overlong
territory	414	KW	overlong
territory	417	KG	overlong
territory	418	LA	overlong
territory	422	LB	overlong
territory	426	LS	overlong
territory	428	LV	overlong
territory	430	LR	overlong
territory	434	LY	overlong
territory	438	LI	overlong
territory	440	LT	overlong
territory	442	LU	overlong
territory	446	MO	overlong
territory	450	MG	overlong
territory	454	MW	overlong
territory	458	MY	overlong
territory	462	MV	overlong
territory	466	ML	overlong
territory	470	MT	overlong
territory	474	MQ	overlong
territory	478	MR	overlong
territory	480	MU	overlong
territory	484	MX	overlong
territory	492	MC	overlong
territory	496	MN	overlong
territory	498	MD	overlong
territory	499	ME	overlong
territory	500	MS	overlong
territory	504	MA	overlong
territory	508	MZ	overlong
territory	512	OM	overlong
territory	516	NA	overlong
territory	520	NR	overlong
territory	524	NP	overlong
territory	528	NL	overlong
territory	530	CW SX BQ	overlong
territory	531	CW	overlong
territory	532	CW SX BQ	deprecated
territory	533	AW	overlong
territory	534	SX	overlong
territory	535	BQ	overlong
territory	536	SA IQ	overlong
territory	540	NC	overlong
territory	548	VU	overlong
territory	554	NZ	overlong
territory	558	NI	overlong
territory	562	NE	overlong
territory	566	NG	overlong
territory	570	NU	overlong
territory	574	NF	overlong
territory	578	NO	overlong
territory	580	MP	overlong
territory	581	UM	overlong
territory	582	FM MH MP PW	deprecated
territory	583	FM	overlong
territory	584	MH	overlong
territory	585	PW	overlong
territory	586	PK	overlong
territory	591	PA	overlong
territory	598	PG	overlong
territory	600	PY	overlong
territory	604	PE	overlong
territory	608	PH	overlong
territory	612	PN	overlong
territory	616	PL	overlong
territory	620	PT	overlong
territory	624	GW	overlong
territory	626	TL	overlong
territory	630	PR	overlong
territory	634	QA	overlong
territory	638	RE	overlong
territory	642	RO	overlong
territory	643	RU	overlong
territory	646	RW	overlong
territory	652	BL	overlong
territory	654	SH	overlong
territory	659	KN	overlong
territory	660	AI	overlong
territory	662	LC	overlong
territory	663	MF	overlong
territory	666	PM	overlong
territory	670	VC	overlong
territory	674	SM	overlong
territory	678	ST	overlong
territory	682	SA	overlong
territory	686	SN	overlong
territory	688	RS	overlong
territory	690	SC	overlong
territory	694	SL	overlong
territory	702	SG	overlong
territory	703	SK	overlong
territory	704	VN	overlong
territory	705	SI	overlong
territory	706	SO	overlong
territory	710	ZA	overlong
territory	716	ZW	overlong
territory	720	YE	overlong
territory	724	ES	overlong
territory	728	SS	overlong
territory	729	SD	overlong
territory	732	EH	overlong
territory	736	SD	deprecated
territory	740	SR	overlong
territory	744	SJ	overlong
territory	748	SZ	overlong
territory	752	SE	overlong
territory	756	CH	overlong
territory	760	SY	overlong
territory	762	TJ	overlong
territory	764	TH	overlong
territory	768	TG	overlong
territory	772	TK	overlong
territory	776	TO	overlong
territory	780	TT	overlong
territory	784	AE	overlong
territory	788	TN	overlong
territory	792	TR	overlong
territory	795	TM	overlong
territory	796	TC	overlong
territory	798	TV	overlong
territory	800	UG	overlong
territory	804	UA	overlong
territory	807	MK	overlong
territory	810	RU AM AZ BY EE GE KZ KG LV LT MD TJ TM UA UZ	overlong
territory	818	EG	overlong
territory	826	GB	overlong
territory	830	JE GG	deprecated
territory	831	GG	overlong
territory	832	JE	overlong
territory	833	IM	overlong
territory	834	TZ	overlong
territory	840	US	overlong
territory	850	VI	overlong
territory	854	BF	overlong
territory	858	UY	overlong
territory	860	UZ	overlong
territory	862	VE	overlong
territory	876	WF	overlong
territory	882	WS	overlong
territory	886	YE	deprecated
territory	887	YE	overlong
territory	890	RS ME SI HR MK BA	deprecated
territory	891	RS ME	overlong
territory	894	ZM	overlong
territory	958	AA	overlong
territory	959	QM	overlong
territory	960	QN	overlong
territory	962	QP	overlong
territory	963	QQ	overlong
territory	964	QR	overlong
territory	965	QS	overlong
territory	966	QT	overlong
territory	967	EU	overlong
territory	968	QV	overlong
territory	969	QW	overlong
territory	970	QX	overlong
territory	971	QY	overlong
territory	972	QZ	overlong
territory	973	XA	overlong
territory	974	XB	overlong
territory	975	XC	overlong
territory	976	XD	overlong
territory	977	XE	overlong
territory	978	XF	overlong
territory	979	XG	overlong
territory	980	XH	overlong
territory	981	XI	overlong
territory	982	XJ	overlong
territory	983	XK	overlong
territory	984	XL	overlong
territory	985	XM	overlong
territory	986	XN	overlong
territory	987	XO	overlong
territory	988	XP	overlong
territory	989	XQ	overlong
territory	990	XR	overlong
territory	991	XS	overlong
territory	992	XT	overlong
territory	993	XU	overlong
territory	994	XV	overlong
territory	995	XW	overlong
territory	996	XX	overlong
territory	997	XY	overlong
territory	998	XZ	overlong
territory	999	ZZ	overlong
territory	AAA	AA	overlong
territory	ABW	AW	overlong
territory	AFG	AF	overlong
territory	AGO	AO	overlong
territory	AIA	AI	overlong
territory	ALA	AX	overlong
territory	ALB	AL	overlong
territory	AN	CW SX BQ	deprecated
territory	AND	AD	overlong
territory	ANT	CW SX BQ	overlong
territory	ARE	AE	overlong
territory	ARG	AR	overlong
territory	ARM	AM	overlong
territory	ASC	AC	overlong
territory	ASM	AS	overlong
territory	ATA	AQ	overlong
territory	ATF	TF	overlong
territory	ATG	AG	overlong
territory	AUS	AU	overlong
territory	AUT	AT	overlong
territory	AZE	AZ	overlong
territory	BDI	BI	overlong
territory	BEL	BE	overlong
territory	BEN	BJ	overlong
territory	BES	BQ	overlong
territory	BFA	BF	overlong
territory	BGD	BD	overlong
territory	BGR	BG	overlong
territory	BHR	BH	overlong
territory	BHS	BS	overlong
territory	BIH	BA	overlong
territory	BLM	BL	overlong
territory	BLR	BY	overlong
territory	BLZ	BZ	overlong
territory	BMU	BM	overlong
territory	BOL	BO	overlong
territory	BRA	BR	overlong
territory	BRB	BB	overlong
territory	BRN	BN	overlong
territory	BTN	BT	overlong
territory	BU	MM	deprecated
territory	BUR	MM	overlong
territory	BVT	BV	overlong
territory	BWA	BW	overlong
territory	CAF	CF	overlong
territory	CAN	CA	overlong
territory	CCK	CC	overlong
territory	CHE	CH	overlong
territory	CHL	CL	overlong
territory	CHN	CN	overlong
territory	CIV	CI	overlong
territory	CMR	CM	overlong
territory	COD	CD	overlong
territory	COG	CG	overlong
territory	COK	CK	overlong
territory	COL	CO	overlong
territory	COM	KM	overlong
territory	CPT	CP	overlong
territory	CPV	CV	overlong
territory	CRI	CR	overlong
territory	CS	RS ME	deprecated
territory	CT	KI	deprecated
territory	CUB	CU	overlong
territory	CUW	CW	overlong
territory	CXR	CX	overlong
territory	CYM	KY	overlong
territory	CYP	CY	overlong
territory	CZE	CZ	overlong
territory	DD	DE	deprecated
territory	DDR	DE	overlong
territory	DEU	DE	overlong
territory	DGA	DG	overlong
territory	DJI	DJ	overlong
territory	DMA	DM	overlong
territory	DNK	DK	overlong
territory	DOM	DO	overlong
territory	DY	BJ	deprecated
territory	DZA	DZ	overlong
territory	ECU	EC	overlong
territory	EGY	EG	overlong
territory	ERI	ER	overlong
territory	ESH	EH	overlong
territory	ESP	ES	overlong
territory	EST	EE	overlong
territory	ETH	ET	overlong
territory	FIN	FI	overlong
territory	FJI	FJ	overlong
territory	FLK	FK	overlong
territory	FQ	AQ TF	deprecated
territory	FRA	FR	overlong
territory	FRO	FO	overlong
territory	FSM	FM	overlong
territory	FX	FR	deprecated
territory	FXX	FR	overlong
territory	GAB	GA	overlong
territory	GBR	GB	overlong
territory	GEO	GE	overlong
territory	GGY	GG	overlong
territory	GHA	GH	overlong
territory	GIB	GI	overlong
territory	GIN	GN	overlong
territory	GLP	GP	overlong
territory	GMB	GM	overlong
territory	GNB	GW	overlong
territory	GNQ	GQ	overlong
territory	GRC	GR	overlong
territory	GRD	GD	overlong
territory	GRL	GL	overlong
territory	GTM	GT	overlong
territory	GUF	GF	overlong
territory	GUM	GU	overlong
territory	GUY	GY	overlong
territory	HKG	HK	overlong
territory	HMD	HM	overlong
territory	HND	HN	overlong
territory	HRV	HR	overlong
territory	HTI	HT	overlong
territory	HUN	HU	overlong
territory	HV	BF	deprecated
territory	IDN	ID	overlong
territory	IMN	IM	overlong
territory	IND	IN	overlong
territory	IOT	IO	overlong
territory	IRL	IE	overlong
territory	IRN	IR	overlong
territory	IRQ	IQ	overlong
territory	ISL	IS	overlong
territory	ISR	IL	overlong
territory	ITA	IT	overlong
territory	JAM	JM	overlong
territory	JEY	JE	overlong
territory	JOR	JO	overlong
territory	JPN	JP	overlong
territory	JT	UM	deprecated
territory	KAZ	KZ	overlong
territory	KEN	KE	overlong
territory	KGZ	KG	overlong
territory	KHM	KH	overlong
territory	KIR	KI	overlong
territory	KNA	KN	overlong
territory	KOR	KR	overlong
territory	KWT	KW	overlong
territory	LAO	LA	overlong
territory	LBN	LB	overlong
territory	LBR	LR	overlong
territory	LBY	LY	overlong
territory	LCA	LC	overlong
territory	LIE	LI	overlong
territory	LKA	LK	overlong
territory	LSO	LS	overlong
territory	LTU	LT	overlong
territory	LUX	LU	overlong
territory	LVA	LV	overlong
territory	MAC	MO	overlong
territory	MAF	MF	overlong
territory	MAR	MA	overlong
territory	MCO	MC	overlong
territory	MDA	MD	overlong
territory	MDG	MG	overlong
territory	MDV	MV	overlong
territory	MEX	MX	overlong
territory	MHL	MH	overlong
territory	MI	UM	deprecated
territory	MKD	MK	overlong
territory	MLI	ML	overlong
territory	MLT	MT	overlong
territory	MMR	MM	overlong
territory	MNE	ME	overlong
territory	MNG	MN	overlong
territory	MNP	MP	overlong
territory	MOZ	MZ	overlong
territory	MRT	MR	overlong
territory	MSR	MS	overlong
territory	MTQ	MQ	overlong
territory	MUS	MU	overlong
territory	MWI	MW	overlong
territory	MYS	MY	overlong
territory	MYT	YT	overlong
territory	NAM	NA	overlong
territory	NCL	NC	overlong
territory	NER	NE	overlong
territory	NFK	NF	overlong
territory	NGA	NG	overlong
territory	NH	VU	deprecated
territory	NIC	NI	overlong
territory	NIU	NU	overlong
territory	NLD	NL	overlong
territory	NOR	NO	overlong
territory	NPL	NP	overlong
territory	NQ	AQ	deprecated
territory	NRU	NR	overlong
territory	NT	SA IQ	deprecated
territory	NTZ	SA IQ	overlong
territory	NZL	NZ	overlong
territory	OMN	OM	overlong
territory	PAK	PK	overlong
territory	PAN	PA	overlong
territory	PC	FM MH MP PW	deprecated
territory	PCN	PN	overlong
territory	PER	PE	overlong
territory	PHL	PH	overlong
territory	PLW	PW	overlong
territory	PNG	PG	overlong
territory	POL	PL	overlong
territory	PRI	PR	overlong
territory	PRK	KP	overlong
territory	PRT	PT	overlong
territory	PRY	PY	overlong
territory	PSE	PS	overlong
territory	PU	UM	deprecated
territory	PYF	PF	overlong
territory	PZ	PA	deprecated
territory	QAT	QA	overlong
territory	QMM	QM	overlong
territory	QNN	QN	overlong
territory	QPP	QP	overlong
territory	QQQ	QQ	overlong
territory	QRR	QR	overlong
territory	QSS	QS	overlong
territory	QTT	QT	overlong
territory	QU	EU	deprecated
territory	QUU	EU	overlong
territory	QVV	QV	overlong
territory	QWW	QW	overlong
territory	QXX	QX	overlong
territory	QYY	QY	overlong
territory	QZZ	QZ	overlong
territory	REU	RE	overlong
territory	RH	ZW	deprecated
territory	ROU	RO	overlong
territory	RUS	RU	overlong
territory	RWA	RW	overlong
territory	SAU	SA	overlong
territory	SCG	RS ME	overlong
territory	SDN	SD	overlong
territory	SEN	SN	overlong
territory	SGP	SG	overlong
territory	SGS	GS	overlong
territory	SHN	SH	overlong
territory	SJM	SJ	overlong
territory	SLB	SB	overlong
territory	SLE	SL	overlong
territory	SLV	SV	overlong
territory	SMR	SM	overlong
territory	SOM	SO	overlong
territory	SPM	PM	overlong
territory	SRB	RS	overlong
territory	SSD	SS	overlong
territory	STP	ST	overlong
territory	SU	RU AM AZ BY EE GE KZ KG LV LT MD TJ TM UA UZ	deprecated
territory	SUN	RU AM AZ BY EE GE KZ KG LV LT MD TJ TM UA UZ	overlong
territory	SUR	SR	overlong
territory	SVK	SK	overlong
territory	SVN	SI	overlong
territory	SWE	SE	overlong
territory	SWZ	SZ	overlong
territory	SXM	SX	overlong
territory	SYC	SC	overlong
territory	SYR	SY	overlong
territory	TAA	TA	overlong
territory	TCA	TC	overlong
territory	TCD	TD	overlong
territory	TGO	TG	overlong
territory	THA	TH	overlong
territory	TJK	TJ	overlong
territory	TKL	TK	overlong
territory	TKM	TM	overlong
territory	TLS	TL	overlong
territory	TMP	TL	overlong
territory	TON	TO	overlong
territory	TP	TL	deprecated
territory	TTO	TT	overlong
territory	TUN	TN	overlong
territory	TUR	TR	overlong
territory	TUV	TV	overlong
territory	TWN	TW	overlong
territory	TZA	TZ	overlong
territory	UGA	UG	overlong
territory	UK	GB	deprecated
territory	UKR	UA	overlong
territory	UMI	UM	overlong
territory	URY	UY	overlong
territory	USA	US	overlong
territory	UZB	UZ	overlong
territory	VAT	VA	overlong
territory	VCT	VC	overlong
territory	VD	VN	deprecated
territory	VEN	VE	overlong
territory	VGB	VG	overlong
territory	VIR	VI	overlong
territory	VNM	VN	overlong
territory	VUT	VU	overlong
territory	WK	UM	deprecated
territory	WLF	WF	overlong
territory	WSM	WS	overlong
territory	XAA	XA	overlong
territory	XBB	XB	overlong
territory	XCC	XC	overlong
territory	XDD	XD	overlong
territory	XEE	XE	overlong
territory	XFF	XF	overlong
territory	XGG	XG	overlong
territory	XHH	XH	overlong
territory	XII	XI	overlong
territory	XJJ	XJ	overlong
territory	XKK	XK	overlong
territory	XLL	XL	overlong
territory	XMM	XM	overlong
territory	XNN	XN	overlong
territory	XOO	XO	overlong
territory	XPP	XP	overlong
territory	XQQ	XQ	overlong
territory	XRR	XR	overlong
territory	XSS	XS	overlong
territory	XTT	XT	overlong
territory	XUU	XU	overlong
territory	XVV	XV	overlong
territory	XWW	XW	overlong
territory	XXX	XX	overlong
territory	XYY	XY	overlong
territory	XZZ	XZ	overlong
territory	YD	YE	deprecated
territory	YEM	YE	overlong
territory	YMD	YE	overlong
territory	YU	RS ME	deprecated
territory	YUG	RS ME	overlong
territory	ZAF	ZA	overlong
territory	ZAR	CD	overlong
territory	ZMB	ZM	overlong
territory	ZR	CD	deprecated
territory	ZWE	ZW	overlong
territory	ZZZ	ZZ	overlong
variant	heploc	alalc97	deprecated
variant	polytoni	polyton	deprecated
zone	Africa		
zone	America		
zone	Antarctica		
zone	Asia		
zone	Atlantic		
zone	Australia		
zone	CST6CDT	America/Chicago	deprecated
zone	EST	America/Panama	deprecated
zone	EST5EDT	America/New_York	deprecated
zone	Europe		
zone	HST	Pacific/Honolulu	deprecated
zone	MST	America/Phoenix	deprecated
zone	MST7MDT	America/Denver	deprecated
zone	Pacific		
zone	PST8PDT	America/Los_Angeles	deprecated
zone	SystemV		
